-- This is where all the Insert Queries go.

-- Course
INSERT INTO `kimsquit`.`course` (`course_id`, `course_name`,`course_description`) VALUES ('ENGL10','English','Introductory reading and writing in English, including grammar and literature skills');
INSERT INTO `kimsquit`.`course` (`course_id`, `course_name`,`course_description`) VALUES ('ENGL20','English','Introductory reading and writing in English, including grammar and literature skills');
INSERT INTO `kimsquit`.`course` (`course_id`, `course_name`,`course_description`) VALUES ('ENGL30','English','Intermediate reading and writing in English, including grammar and literature skills');
INSERT INTO `kimsquit`.`course` (`course_id`, `course_name`,`course_description`) VALUES ('ENGL40','English','Intermediate reading and writing in English, including grammar and literature skills');
INSERT INTO `kimsquit`.`course` (`course_id`, `course_name`,`course_description`) VALUES ('ENGL50','English','Advanced reading and writing in English, including grammar and literature skills');
INSERT INTO `kimsquit`.`course` (`course_id`, `course_name`,`course_description`) VALUES ('FRAN10','French','Introductory reading and writing in French, including grammar and literature skills');
INSERT INTO `kimsquit`.`course` (`course_id`, `course_name`,`course_description`) VALUES ('FRAN20','French','Introductory reading and writing in French, including grammar and literature skills');
INSERT INTO `kimsquit`.`course` (`course_id`, `course_name`,`course_description`) VALUES ('FRAN30','French','Intermediate reading and writing in French, including grammar and literature skills');
INSERT INTO `kimsquit`.`course` (`course_id`, `course_name`,`course_description`) VALUES ('FRAN40','French','Intermediate reading and writing in French, including grammar and literature skills');
INSERT INTO `kimsquit`.`course` (`course_id`, `course_name`,`course_description`) VALUES ('FRAN50','French','Advanced reading and writing in French, including grammar and literature skills');
INSERT INTO `kimsquit`.`course` (`course_id`, `course_name`,`course_description`) VALUES ('MATH10','Math','Addition, subtraction, multiplication, division');
INSERT INTO `kimsquit`.`course` (`course_id`, `course_name`,`course_description`) VALUES ('MATH20','Math','Algebra, Linear function');
INSERT INTO `kimsquit`.`course` (`course_id`, `course_name`,`course_description`) VALUES ('MATH30','Math','Trigonometry, Algebra');
INSERT INTO `kimsquit`.`course` (`course_id`, `course_name`,`course_description`) VALUES ('MATH40','Math SN','Quadratic formula, functions, advanced pace');
INSERT INTO `kimsquit`.`course` (`course_id`, `course_name`,`course_description`) VALUES ('MATH41','Math CST','Quadratic formula, functions slower pace');
INSERT INTO `kimsquit`.`course` (`course_id`, `course_name`,`course_description`) VALUES ('MATH50','Math SN','More functions advanced pace');
INSERT INTO `kimsquit`.`course` (`course_id`, `course_name`,`course_description`) VALUES ('MATH51','Math CST','More functions slower pace');
INSERT INTO `kimsquit`.`course` (`course_id`, `course_name`,`course_description`) VALUES ('SCIE10','Science','Materials and their interactions with the world');
INSERT INTO `kimsquit`.`course` (`course_id`, `course_name`,`course_description`) VALUES ('SCIE20','Science','Space and the solar system');
INSERT INTO `kimsquit`.`course` (`course_id`, `course_name`,`course_description`) VALUES ('SCIE30','Science','Introduction to Biology');
INSERT INTO `kimsquit`.`course` (`course_id`, `course_name`,`course_description`) VALUES ('SCIE40','Science','Introduction to the elements and Chemistry');
INSERT INTO `kimsquit`.`course` (`course_id`, `course_name`,`course_description`) VALUES ('PHED10','Physical Education','Learning the fundamentals of efficient movement');
INSERT INTO `kimsquit`.`course` (`course_id`, `course_name`,`course_description`) VALUES ('PHED20','Physical Education','Learning the fundamentals of efficient movement');
INSERT INTO `kimsquit`.`course` (`course_id`, `course_name`,`course_description`) VALUES ('PHED30','Physical Education','Learning the fundamentals of efficient movement');
INSERT INTO `kimsquit`.`course` (`course_id`, `course_name`,`course_description`) VALUES ('PHED40','Physical Education','Learning the fundamentals of efficient movement');
INSERT INTO `kimsquit`.`course` (`course_id`, `course_name`,`course_description`) VALUES ('PHED50','Physical Education','Learning the fundamentals of efficient movement');
INSERT INTO `kimsquit`.`course` (`course_id`, `course_name`,`course_description`) VALUES ('HIST10','History','Learning about the past and how our society developped');
INSERT INTO `kimsquit`.`course` (`course_id`, `course_name`,`course_description`) VALUES ('HIST20','History','Learning about the past and how our society developped');
INSERT INTO `kimsquit`.`course` (`course_id`, `course_name`,`course_description`) VALUES ('HIST30','History','Learning about the past and how our society developped');
INSERT INTO `kimsquit`.`course` (`course_id`, `course_name`,`course_description`) VALUES ('HIST40','History','Learning about the past and how our society developped');
INSERT INTO `kimsquit`.`course` (`course_id`, `course_name`,`course_description`) VALUES ('HIST50','History','Learning about the current world and how our society is developping');
INSERT INTO `kimsquit`.`course` (`course_id`, `course_name`,`course_description`) VALUES ('ARTS10','Arts','Drawing circles in 2d and 3d ');
INSERT INTO `kimsquit`.`course` (`course_id`, `course_name`,`course_description`) VALUES ('ARTS20','Arts','Drawing circles in 4d and 5d ');
INSERT INTO `kimsquit`.`course` (`course_id`, `course_name`,`course_description`) VALUES ('ARTS30','Arts','Painting');
INSERT INTO `kimsquit`.`course` (`course_id`, `course_name`,`course_description`) VALUES ('ARTS40','Arts','Sculpting');
INSERT INTO `kimsquit`.`course` (`course_id`, `course_name`,`course_description`) VALUES ('CHEM50','Chemistry','Interactions between elements and lab experiments');
INSERT INTO `kimsquit`.`course` (`course_id`, `course_name`,`course_description`) VALUES ('PHYS50','Physics','Newtons 4th law');

-- Groups
INSERT INTO `kimsquit`.`groups` (`name`) VALUES ('Dolphin');
INSERT INTO `kimsquit`.`groups` (`name`) VALUES ('Shark');
INSERT INTO `kimsquit`.`groups` (`name`) VALUES ('Salmon');
INSERT INTO `kimsquit`.`groups` (`name`) VALUES ('Carp');
INSERT INTO `kimsquit`.`groups` (`name`) VALUES ('Cod');
INSERT INTO `kimsquit`.`groups` (`name`) VALUES ('Tuna');
INSERT INTO `kimsquit`.`groups` (`name`) VALUES ('Trout');
INSERT INTO `kimsquit`.`groups` (`name`) VALUES ('Stringray');
INSERT INTO `kimsquit`.`groups` (`name`) VALUES ('Snapper');
INSERT INTO `kimsquit`.`groups` (`name`) VALUES ('Turtle');

-- Teacher
INSERT INTO `kimsquit`.`teacher` (`first_name`, `last_name`, `address`) VALUES ('Kadeem', 'Allman', '3116 rue Levy Montreal Quebec H3C5K4');
INSERT INTO `kimsquit`.`teacher` (`first_name`, `last_name`, `address`) VALUES ('Hayden', 'Correa', '2042 chemin Hudson Montreal Quebec H4J1M9');
INSERT INTO `kimsquit`.`teacher` (`first_name`, `last_name`, `address`) VALUES ('Keri', 'Milne', '3654 René-Lévesque Blvd Montreal Quebec H3B4W8');
INSERT INTO `kimsquit`.`teacher` (`first_name`, `last_name`, `address`) VALUES ('Debbie', 'Forbes', '4457 René-Lévesque Blvd H3B4W7');
INSERT INTO `kimsquit`.`teacher` (`first_name`, `last_name`, `address`) VALUES ('Tyra', 'Flower', '3120 rue Levy Montreal Quebec H3C5K6');
INSERT INTO `kimsquit`.`teacher` (`first_name`, `last_name`, `address`) VALUES ('Zaina', 'Ventura', '2046 chemin Hudson Montreal Quebec H4J1M8');
INSERT INTO `kimsquit`.`teacher` (`first_name`, `last_name`, `address`) VALUES ('Lori', 'Brooks', '2993 Papineau Avenue Montreal Quebec H2K4J5');
INSERT INTO `kimsquit`.`teacher` (`first_name`, `last_name`, `address`) VALUES ('Elina', 'Haynes', '3000 Papineau Avenue Montreal Quebec H2K4J6');
INSERT INTO `kimsquit`.`teacher` (`first_name`, `last_name`, `address`) VALUES ('Woodrow', 'Frame', '4798 Sherbrooke Ouest Montreal Quebec H4A1H3');
INSERT INTO `kimsquit`.`teacher` (`first_name`, `last_name`, `address`) VALUES ('Steve', 'Jobs', '3121 rue Levy Montreal Quebec H3C5K1');
INSERT INTO `kimsquit`.`teacher` (`first_name`, `last_name`, `address`) VALUES ('Tung', 'Pas', '3122 rue Levy Montreal Quebec H3C5K3');
INSERT INTO `kimsquit`.`teacher` (`first_name`, `last_name`, `address`) VALUES ('Ias', 'Krupp', '3123 rue Levy Montreal Quebec H3C5K0');
INSERT INTO `kimsquit`.`teacher` (`first_name`, `last_name`, `address`) VALUES ('Thompson', 'Johnson', '3160 Papineau Avenue Montreal Quebec H2K4J5');
INSERT INTO `kimsquit`.`teacher` (`first_name`, `last_name`, `address`) VALUES ('Bro', 'Bashvidi', '2784 rue de la Gauchetière Montreal Quebec H3B2M3');

-- Student
INSERT INTO `kimsquit`.`student` (`first_name`, `last_name`, `address`, `group_id`) VALUES ('Barbara', 'Nguyen', '100 street, Montreal, Quebec, H8F 2HS', '1');
INSERT INTO `kimsquit`.`student` (`first_name`, `last_name`, `address`, `group_id`) VALUES ('John', 'Chen', '205 street, Montreal, Quebec, H3J 3N6', '1');
INSERT INTO `kimsquit`.`student` (`first_name`, `last_name`, `address`, `group_id`) VALUES ('Jack', 'Tran', '1 boulvd, Montreal, Quebec, H8H 3B3', '1');
INSERT INTO `kimsquit`.`student` (`first_name`, `last_name`, `address`, `group_id`) VALUES ('Beck', 'Smith', '52 street, Montreal, Quebec, H8J 2K9', '1');
INSERT INTO `kimsquit`.`student` (`first_name`, `last_name`, `address`, `group_id`) VALUES ('Lucy', 'Johnson', '729 address street, Montreal, Quebec, H8J 2J5', '1');
INSERT INTO `kimsquit`.`student` (`first_name`, `last_name`, `address`, `group_id`) VALUES ('Rock', 'Brown', '622 blvd, Montreal, Quebec, H8J 2F9', '2');
INSERT INTO `kimsquit`.`student` (`first_name`, `last_name`, `address`, `group_id`) VALUES ('Doug', 'Davis', '29 ave, Montreal, Quebec, H8H2J5', '2');
INSERT INTO `kimsquit`.`student` (`first_name`, `last_name`, `address`, `group_id`) VALUES ('Craig', 'Hall', '164 st-catherine, Montreal, Quebec, H3J2N5', '2');
INSERT INTO `kimsquit`.`student` (`first_name`, `last_name`, `address`, `group_id`) VALUES ('Michelle', 'Miller', '286 Saint-Laurent, Montreal, Quebec, H7J2M5', '2');
INSERT INTO `kimsquit`.`student` (`first_name`, `last_name`, `address`, `group_id`) VALUES ('Sophie', 'Stewart', '185 Christophe-Colomb, Montreal, Quebec, H9C2K6', '2');
INSERT INTO `kimsquit`.`student` (`first_name`, `last_name`, `address`, `group_id`) VALUES ('Luke', 'James', '98 St-Hubert, Montreal, Quebec, H9F2M6', '3');
INSERT INTO `kimsquit`.`student` (`first_name`, `last_name`, `address`, `group_id`) VALUES ('Anne', 'Franco', '15 St-Denis, Montreal, Quebec, H9K2S7', '3');
INSERT INTO `kimsquit`.`student` (`first_name`, `last_name`, `address`, `group_id`) VALUES ('Anh', 'Kinsley', '195 Street, Montreal, Quebec, H9K2N6', '3');
INSERT INTO `kimsquit`.`student` (`first_name`, `last_name`, `address`, `group_id`) VALUES ('Peggy', 'Kurosawa', '195 Boulevard, Montreal, Quebec, H9M3N8', '3');
INSERT INTO `kimsquit`.`student` (`first_name`, `last_name`, `address`, `group_id`) VALUES ('Tom', 'Hogan', '18 Rene-Levesque, Montreal, Quebec, H9N1N5', '3');
INSERT INTO `kimsquit`.`student` (`first_name`, `last_name`, `address`, `group_id`) VALUES ('Barack', 'Obama', '852 Papineau, Montreal, Quebec, H8S0J2', '4');
INSERT INTO `kimsquit`.`student` (`first_name`, `last_name`, `address`, `group_id`) VALUES ('Elvis', 'Presley', '825 Beaubien, Montreal, Quebec, H9J2K4N', '4');
INSERT INTO `kimsquit`.`student` (`first_name`, `last_name`, `address`, `group_id`) VALUES ('Marc', 'Price', '929 bernard, Montreal, Quebec, H9J2N6', '4');
INSERT INTO `kimsquit`.`student` (`first_name`, `last_name`, `address`, `group_id`) VALUES ('Jill', 'Ross', '9258 Ave Joly, Montreal, Quebec, H2N6J2', '4');
INSERT INTO `kimsquit`.`student` (`first_name`, `last_name`, `address`, `group_id`) VALUES ('Jonas', 'Reed', '9358 Saint-Catherine, Montreal, Quebec, H9S3N2', '4');
INSERT INTO `kimsquit`.`student` (`first_name`, `last_name`, `address`, `group_id`) VALUES ('Fies', 'Deahthis', '2952 Des Pins, Montreal, Quebec, H2N4N3', '5');
INSERT INTO `kimsquit`.`student` (`first_name`, `last_name`, `address`, `group_id`) VALUES ('Allister', 'Beaulieu', '29 Saint-Denis, Montreal, Quebec, H2N72J4', '5');
INSERT INTO `kimsquit`.`student` (`first_name`, `last_name`, `address`, `group_id`) VALUES ('Jules', 'James', '9286 Rachel, Montreal, Quebec, H1J4B2', '5');
INSERT INTO `kimsquit`.`student` (`first_name`, `last_name`, `address`, `group_id`) VALUES ('Maude', 'Saint-Michel', '928 Saint-Rock, Montreal, Quebec, H9K2N5', '5');
INSERT INTO `kimsquit`.`student` (`first_name`, `last_name`, `address`, `group_id`) VALUES ('Guy', 'Hemmingway', '9258 Bellechasse, Montreal, Quebec, H2N5N2', '5');
INSERT INTO `kimsquit`.`student` (`first_name`, `last_name`, `address`, `group_id`) VALUES ('Denise', 'Forge', '2632 Rachel, Montreal, Quebec, H3H7F3', '6');
INSERT INTO `kimsquit`.`student` (`first_name`, `last_name`, `address`, `group_id`) VALUES ('Joanne', 'Chan', '96 Saint-Denis, Montreal, Quebec, H3J8S3', '6');
INSERT INTO `kimsquit`.`student` (`first_name`, `last_name`, `address`, `group_id`) VALUES ('Jane', 'Nguyen', '9275 Saint-Dominique, Montreal, Quebec, H2J82', '6');
INSERT INTO `kimsquit`.`student` (`first_name`, `last_name`, `address`, `group_id`) VALUES ('Marie-Anne', 'Brighton', '999 Beaubien, Montreal, Quebec, H4U2F7', '6');
INSERT INTO `kimsquit`.`student` (`first_name`, `last_name`, `address`, `group_id`) VALUES ('Daphnee', 'Mckinsley', '1184 De la gauchetiere, Montreal, Quebec, H2F8J3', '6');
INSERT INTO `kimsquit`.`student` (`first_name`, `last_name`, `address`, `group_id`) VALUES ('Thomas', 'Howard', '9187 Saint-Laurent, Montreal, Quebec, H3D7K4', '7');
INSERT INTO `kimsquit`.`student` (`first_name`, `last_name`, `address`, `group_id`) VALUES ('Arielle', 'Stewart', '81 Rockfort, Montreal, Quebec, H3S7F2', '7');
INSERT INTO `kimsquit`.`student` (`first_name`, `last_name`, `address`, `group_id`) VALUES ('Aude', 'Moore', '295 Saint-Joseph, Montreal, Quebec, H3D8K6', '7');
INSERT INTO `kimsquit`.`student` (`first_name`, `last_name`, `address`, `group_id`) VALUES ('Simone', 'Wilson', '28 Saint-Catherine, Montreal, Quebec, H3S8J2', '7');
INSERT INTO `kimsquit`.`student` (`first_name`, `last_name`, `address`, `group_id`) VALUES ('Clarice', 'Miller', '295 De la gauchetiere, Montreal, Quebec, H4D8S5', '7');
INSERT INTO `kimsquit`.`student` (`first_name`, `last_name`, `address`, `group_id`) VALUES ('Rihanna', 'James', '15 Saint-Denis, Montreal, Quebec, H4F8J3', '8');
INSERT INTO `kimsquit`.`student` (`first_name`, `last_name`, `address`, `group_id`) VALUES ('Alex', 'Jenkins', '98 Rachel, Montreal, Quebec, H2D7K2', '8');
INSERT INTO `kimsquit`.`student` (`first_name`, `last_name`, `address`, `group_id`) VALUES ('Paris', 'Perry', '918 Dupre, Montreal, Quebec, H3D7J4', '8');
INSERT INTO `kimsquit`.`student` (`first_name`, `last_name`, `address`, `group_id`) VALUES ('Tiff', 'Patel', '185 Papineau, Montreal, Quebec, H3S6H4', '8');
INSERT INTO `kimsquit`.`student` (`first_name`, `last_name`, `address`, `group_id`) VALUES ('Tiffany', 'Perez', '482 Hilton, Montreal, Quebec, H3D6H5', '8');
INSERT INTO `kimsquit`.`student` (`first_name`, `last_name`, `address`, `group_id`) VALUES ('Florence', 'Lopes', '285 Maisonneuve, Montreal, Quebec, H3D7D3', '9');
INSERT INTO `kimsquit`.`student` (`first_name`, `last_name`, `address`, `group_id`) VALUES ('Flore ', 'Hilton', '285 Maisonneuve, Montreal, Quebec, H3D7D3', '9');
INSERT INTO `kimsquit`.`student` (`first_name`, `last_name`, `address`, `group_id`) VALUES ('Veronique', 'Juan', '18 Papineau, Montreal, Quebec, H3D7S3', '9');
INSERT INTO `kimsquit`.`student` (`first_name`, `last_name`, `address`, `group_id`) VALUES ('Mei', 'Martinez', '295 Rochefort, Montreal, Quebec, H3D7U8', '9');
INSERT INTO `kimsquit`.`student` (`first_name`, `last_name`, `address`, `group_id`) VALUES ('Tam Dan', 'Garcia', '2810 beaubien, Montreal, Quebec, H1F5U3', '9');
INSERT INTO `kimsquit`.`student` (`first_name`, `last_name`, `address`, `group_id`) VALUES ('Joseph', 'Phillips', '19 Saint-Zotique, Montreal, Quebec, H2D6H3', '10');
INSERT INTO `kimsquit`.`student` (`first_name`, `last_name`, `address`, `group_id`) VALUES ('Belle', 'Mathieu', '1857 Saint-Malo, Montreal, Quebec, H3S8D3', '10');
INSERT INTO `kimsquit`.`student` (`first_name`, `last_name`, `address`, `group_id`) VALUES ('Claire', 'Saint-Amour', '918 Pie-iX, Montreal, Quebec, H3D6D2', '10');
INSERT INTO `kimsquit`.`student` (`first_name`, `last_name`, `address`, `group_id`) VALUES ('Mikaela', 'Bryant', '175 Dupre, Montreal, Quebec, H3D6H5', '10');
INSERT INTO `kimsquit`.`student` (`first_name`, `last_name`, `address`, `group_id`) VALUES ('Drake', 'Casgrain', '19 Bell Street, Montreal, Quebec, H8S9N6', '10');

-- Course Teacher
INSERT INTO `kimsquit`.`course_teacher` (`course_id`, `teacher_id`, `group_id`) VALUES ('ENGL10', '1', '1');
INSERT INTO `kimsquit`.`course_teacher` (`course_id`, `teacher_id`, `group_id`) VALUES ('FRAN10', '2', '1');
INSERT INTO `kimsquit`.`course_teacher` (`course_id`, `teacher_id`, `group_id`) VALUES ('MATH10', '3', '1');
INSERT INTO `kimsquit`.`course_teacher` (`course_id`, `teacher_id`, `group_id`) VALUES ('SCIE10', '4', '1');
INSERT INTO `kimsquit`.`course_teacher` (`course_id`, `teacher_id`, `group_id`) VALUES ('PHED10', '5', '1');
INSERT INTO `kimsquit`.`course_teacher` (`course_id`, `teacher_id`, `group_id`) VALUES ('HIST10', '6', '1');
INSERT INTO `kimsquit`.`course_teacher` (`course_id`, `teacher_id`, `group_id`) VALUES ('ARTS10', '7', '1');
INSERT INTO `kimsquit`.`course_teacher` (`course_id`, `teacher_id`, `group_id`) VALUES ('ENGL10', '8', '2');
INSERT INTO `kimsquit`.`course_teacher` (`course_id`, `teacher_id`, `group_id`) VALUES ('FRAN10', '9', '2');
INSERT INTO `kimsquit`.`course_teacher` (`course_id`, `teacher_id`, `group_id`) VALUES ('MATH10', '10', '2');
INSERT INTO `kimsquit`.`course_teacher` (`course_id`, `teacher_id`, `group_id`) VALUES ('SCIE10', '11', '2');
INSERT INTO `kimsquit`.`course_teacher` (`course_id`, `teacher_id`, `group_id`) VALUES ('PHED10', '12', '2');
INSERT INTO `kimsquit`.`course_teacher` (`course_id`, `teacher_id`, `group_id`) VALUES ('HIST10', '13', '2');
INSERT INTO `kimsquit`.`course_teacher` (`course_id`, `teacher_id`, `group_id`) VALUES ('ARTS10', '14', '2');
INSERT INTO `kimsquit`.`course_teacher` (`course_id`, `teacher_id`, `group_id`) VALUES ('ENGL20', '1', '3');
INSERT INTO `kimsquit`.`course_teacher` (`course_id`, `teacher_id`, `group_id`) VALUES ('FRAN20', '2', '3');
INSERT INTO `kimsquit`.`course_teacher` (`course_id`, `teacher_id`, `group_id`) VALUES ('MATH20', '3', '3');
INSERT INTO `kimsquit`.`course_teacher` (`course_id`, `teacher_id`, `group_id`) VALUES ('SCIE20', '4', '3');
INSERT INTO `kimsquit`.`course_teacher` (`course_id`, `teacher_id`, `group_id`) VALUES ('PHED20', '5', '3');
INSERT INTO `kimsquit`.`course_teacher` (`course_id`, `teacher_id`, `group_id`) VALUES ('HIST20', '6', '3');
INSERT INTO `kimsquit`.`course_teacher` (`course_id`, `teacher_id`, `group_id`) VALUES ('ARTS20', '7', '4');
INSERT INTO `kimsquit`.`course_teacher` (`course_id`, `teacher_id`, `group_id`) VALUES ('ENGL20', '8', '4');
INSERT INTO `kimsquit`.`course_teacher` (`course_id`, `teacher_id`, `group_id`) VALUES ('FRAN20', '9', '4');
INSERT INTO `kimsquit`.`course_teacher` (`course_id`, `teacher_id`, `group_id`) VALUES ('MATH20', '10', '4');
INSERT INTO `kimsquit`.`course_teacher` (`course_id`, `teacher_id`, `group_id`) VALUES ('SCIE20', '11', '4');
INSERT INTO `kimsquit`.`course_teacher` (`course_id`, `teacher_id`, `group_id`) VALUES ('PHED20', '12', '4');
INSERT INTO `kimsquit`.`course_teacher` (`course_id`, `teacher_id`, `group_id`) VALUES ('HIST20', '13', '4');
INSERT INTO `kimsquit`.`course_teacher` (`course_id`, `teacher_id`, `group_id`) VALUES ('ARTS20', '14', '4');
INSERT INTO `kimsquit`.`course_teacher` (`course_id`, `teacher_id`, `group_id`) VALUES ('ENGL30', '1', '5');
INSERT INTO `kimsquit`.`course_teacher` (`course_id`, `teacher_id`, `group_id`) VALUES ('FRAN30', '2', '5');
INSERT INTO `kimsquit`.`course_teacher` (`course_id`, `teacher_id`, `group_id`) VALUES ('MATH30', '3', '5');
INSERT INTO `kimsquit`.`course_teacher` (`course_id`, `teacher_id`, `group_id`) VALUES ('SCIE30', '4', '5');
INSERT INTO `kimsquit`.`course_teacher` (`course_id`, `teacher_id`, `group_id`) VALUES ('PHED30', '5', '5');
INSERT INTO `kimsquit`.`course_teacher` (`course_id`, `teacher_id`, `group_id`) VALUES ('HIST30', '6', '5');
INSERT INTO `kimsquit`.`course_teacher` (`course_id`, `teacher_id`, `group_id`) VALUES ('ARTS30', '7', '5');
INSERT INTO `kimsquit`.`course_teacher` (`course_id`, `teacher_id`, `group_id`) VALUES ('ENGL30', '8', '6');
INSERT INTO `kimsquit`.`course_teacher` (`course_id`, `teacher_id`, `group_id`) VALUES ('FRAN30', '9', '6');
INSERT INTO `kimsquit`.`course_teacher` (`course_id`, `teacher_id`, `group_id`) VALUES ('MATH30', '10', '6');
INSERT INTO `kimsquit`.`course_teacher` (`course_id`, `teacher_id`, `group_id`) VALUES ('SCIE30', '11', '6');
INSERT INTO `kimsquit`.`course_teacher` (`course_id`, `teacher_id`, `group_id`) VALUES ('PHED30', '12', '6');
INSERT INTO `kimsquit`.`course_teacher` (`course_id`, `teacher_id`, `group_id`) VALUES ('HIST30', '13', '6');
INSERT INTO `kimsquit`.`course_teacher` (`course_id`, `teacher_id`, `group_id`) VALUES ('ARTS30', '14', '6');
INSERT INTO `kimsquit`.`course_teacher` (`course_id`, `teacher_id`, `group_id`) VALUES ('ENGL40', '1', '7');
INSERT INTO `kimsquit`.`course_teacher` (`course_id`, `teacher_id`, `group_id`) VALUES ('FRAN40', '2', '7');
INSERT INTO `kimsquit`.`course_teacher` (`course_id`, `teacher_id`, `group_id`) VALUES ('MATH40', '3', '7');
INSERT INTO `kimsquit`.`course_teacher` (`course_id`, `teacher_id`, `group_id`) VALUES ('MATH41', '10', '8');
INSERT INTO `kimsquit`.`course_teacher` (`course_id`, `teacher_id`, `group_id`) VALUES ('SCIE40', '4', '7');
INSERT INTO `kimsquit`.`course_teacher` (`course_id`, `teacher_id`, `group_id`) VALUES ('PHED40', '5', '7');
INSERT INTO `kimsquit`.`course_teacher` (`course_id`, `teacher_id`, `group_id`) VALUES ('HIST40', '6', '7');
INSERT INTO `kimsquit`.`course_teacher` (`course_id`, `teacher_id`, `group_id`) VALUES ('ARTS40', '7', '7');
INSERT INTO `kimsquit`.`course_teacher` (`course_id`, `teacher_id`, `group_id`) VALUES ('ENGL40', '8', '8');
INSERT INTO `kimsquit`.`course_teacher` (`course_id`, `teacher_id`, `group_id`) VALUES ('FRAN40', '9', '8');
INSERT INTO `kimsquit`.`course_teacher` (`course_id`, `teacher_id`, `group_id`) VALUES ('SCIE40', '11', '8');
INSERT INTO `kimsquit`.`course_teacher` (`course_id`, `teacher_id`, `group_id`) VALUES ('PHED40', '12', '8');
INSERT INTO `kimsquit`.`course_teacher` (`course_id`, `teacher_id`, `group_id`) VALUES ('HIST40', '13', '8');
INSERT INTO `kimsquit`.`course_teacher` (`course_id`, `teacher_id`, `group_id`) VALUES ('ARTS40', '14', '8');
INSERT INTO `kimsquit`.`course_teacher` (`course_id`, `teacher_id`, `group_id`) VALUES ('ENGL50', '1', '9');
INSERT INTO `kimsquit`.`course_teacher` (`course_id`, `teacher_id`, `group_id`) VALUES ('FRAN50', '2', '9');
INSERT INTO `kimsquit`.`course_teacher` (`course_id`, `teacher_id`, `group_id`) VALUES ('MATH50', '3', '9');
INSERT INTO `kimsquit`.`course_teacher` (`course_id`, `teacher_id`, `group_id`) VALUES ('MATH51', '10', '10');
INSERT INTO `kimsquit`.`course_teacher` (`course_id`, `teacher_id`, `group_id`) VALUES ('PHED50', '5', '9');
INSERT INTO `kimsquit`.`course_teacher` (`course_id`, `teacher_id`, `group_id`) VALUES ('HIST50', '6', '9');
INSERT INTO `kimsquit`.`course_teacher` (`course_id`, `teacher_id`, `group_id`) VALUES ('CHEM50', '11', '9');
INSERT INTO `kimsquit`.`course_teacher` (`course_id`, `teacher_id`, `group_id`) VALUES ('PHYS50', '4', '9');
INSERT INTO `kimsquit`.`course_teacher` (`course_id`, `teacher_id`, `group_id`) VALUES ('ENGL50', '8', '10');
INSERT INTO `kimsquit`.`course_teacher` (`course_id`, `teacher_id`, `group_id`) VALUES ('FRAN50', '9', '10');
INSERT INTO `kimsquit`.`course_teacher` (`course_id`, `teacher_id`, `group_id`) VALUES ('PHED50', '12', '10');
INSERT INTO `kimsquit`.`course_teacher` (`course_id`, `teacher_id`, `group_id`) VALUES ('HIST50', '13', '10');

-- grade
INSERT INTO `kimsquit`.`grade` (`course_id`, `student_id`, `grade`) VALUES ('ENGL10', '11', '89');
INSERT INTO `kimsquit`.`grade` (`course_id`, `student_id`, `grade`) VALUES ('ENGL10', '12', '69');
INSERT INTO `kimsquit`.`grade` (`course_id`, `student_id`, `grade`) VALUES ('ENGL10', '13', '61');
INSERT INTO `kimsquit`.`grade` (`course_id`, `student_id`, `grade`) VALUES ('ENGL10', '14', '61');
INSERT INTO `kimsquit`.`grade` (`course_id`, `student_id`, `grade`) VALUES ('ENGL10', '15', '91');
INSERT INTO `kimsquit`.`grade` (`course_id`, `student_id`, `grade`) VALUES ('ENGL10', '16', '98');
INSERT INTO `kimsquit`.`grade` (`course_id`, `student_id`, `grade`) VALUES ('ENGL10', '17', '63');
INSERT INTO `kimsquit`.`grade` (`course_id`, `student_id`, `grade`) VALUES ('ENGL10', '18', '100');
INSERT INTO `kimsquit`.`grade` (`course_id`, `student_id`, `grade`) VALUES ('ENGL10', '19', '83');
INSERT INTO `kimsquit`.`grade` (`course_id`, `student_id`, `grade`) VALUES ('ENGL10', '20', '79');
INSERT INTO `kimsquit`.`grade` (`course_id`, `student_id`, `grade`) VALUES ('ENGL10', '21', '88');
INSERT INTO `kimsquit`.`grade` (`course_id`, `student_id`, `grade`) VALUES ('ENGL10', '22', '81');
INSERT INTO `kimsquit`.`grade` (`course_id`, `student_id`, `grade`) VALUES ('ENGL10', '23', '79');
INSERT INTO `kimsquit`.`grade` (`course_id`, `student_id`, `grade`) VALUES ('ENGL10', '24', '78');
INSERT INTO `kimsquit`.`grade` (`course_id`, `student_id`, `grade`) VALUES ('ENGL10', '25', '58');
INSERT INTO `kimsquit`.`grade` (`course_id`, `student_id`, `grade`) VALUES ('ENGL10', '26', '72');
INSERT INTO `kimsquit`.`grade` (`course_id`, `student_id`, `grade`) VALUES ('ENGL10', '27', '67');
INSERT INTO `kimsquit`.`grade` (`course_id`, `student_id`, `grade`) VALUES ('ENGL10', '28', '61');
INSERT INTO `kimsquit`.`grade` (`course_id`, `student_id`, `grade`) VALUES ('ENGL10', '29', '64');
INSERT INTO `kimsquit`.`grade` (`course_id`, `student_id`, `grade`) VALUES ('ENGL10', '30', '71');
INSERT INTO `kimsquit`.`grade` (`course_id`, `student_id`, `grade`) VALUES ('ENGL10', '31', '96');
INSERT INTO `kimsquit`.`grade` (`course_id`, `student_id`, `grade`) VALUES ('ENGL10', '32', '96');
INSERT INTO `kimsquit`.`grade` (`course_id`, `student_id`, `grade`) VALUES ('ENGL10', '33', '65');
INSERT INTO `kimsquit`.`grade` (`course_id`, `student_id`, `grade`) VALUES ('ENGL10', '34', '64');
INSERT INTO `kimsquit`.`grade` (`course_id`, `student_id`, `grade`) VALUES ('ENGL10', '35', '76');
INSERT INTO `kimsquit`.`grade` (`course_id`, `student_id`, `grade`) VALUES ('ENGL10', '36', '64');
INSERT INTO `kimsquit`.`grade` (`course_id`, `student_id`, `grade`) VALUES ('ENGL10', '37', '84');
INSERT INTO `kimsquit`.`grade` (`course_id`, `student_id`, `grade`) VALUES ('ENGL10', '38', '97');
INSERT INTO `kimsquit`.`grade` (`course_id`, `student_id`, `grade`) VALUES ('ENGL10', '39', '92');
INSERT INTO `kimsquit`.`grade` (`course_id`, `student_id`, `grade`) VALUES ('ENGL10', '40', '81');
INSERT INTO `kimsquit`.`grade` (`course_id`, `student_id`, `grade`) VALUES ('ENGL10', '41', '51');
INSERT INTO `kimsquit`.`grade` (`course_id`, `student_id`, `grade`) VALUES ('ENGL10', '42', '99');
INSERT INTO `kimsquit`.`grade` (`course_id`, `student_id`, `grade`) VALUES ('ENGL10', '43', '82');
INSERT INTO `kimsquit`.`grade` (`course_id`, `student_id`, `grade`) VALUES ('ENGL10', '44', '57');
INSERT INTO `kimsquit`.`grade` (`course_id`, `student_id`, `grade`) VALUES ('ENGL10', '45', '62');
INSERT INTO `kimsquit`.`grade` (`course_id`, `student_id`, `grade`) VALUES ('ENGL10', '46', '96');
INSERT INTO `kimsquit`.`grade` (`course_id`, `student_id`, `grade`) VALUES ('ENGL10', '47', '89');
INSERT INTO `kimsquit`.`grade` (`course_id`, `student_id`, `grade`) VALUES ('ENGL10', '48', '87');
INSERT INTO `kimsquit`.`grade` (`course_id`, `student_id`, `grade`) VALUES ('ENGL10', '49', '80');
INSERT INTO `kimsquit`.`grade` (`course_id`, `student_id`, `grade`) VALUES ('ENGL10', '50', '52');
INSERT INTO `kimsquit`.`grade` (`course_id`, `student_id`, `grade`) VALUES ('ENGL10', '41', '51');
INSERT INTO `kimsquit`.`grade` (`course_id`, `student_id`, `grade`) VALUES ('ENGL10', '42', '60');
INSERT INTO `kimsquit`.`grade` (`course_id`, `student_id`, `grade`) VALUES ('ENGL10', '43', '59');
INSERT INTO `kimsquit`.`grade` (`course_id`, `student_id`, `grade`) VALUES ('ENGL10', '44', '61');
INSERT INTO `kimsquit`.`grade` (`course_id`, `student_id`, `grade`) VALUES ('ENGL10', '45', '75');
INSERT INTO `kimsquit`.`grade` (`course_id`, `student_id`, `grade`) VALUES ('ENGL10', '46', '94');
INSERT INTO `kimsquit`.`grade` (`course_id`, `student_id`, `grade`) VALUES ('ENGL10', '47', '57');
INSERT INTO `kimsquit`.`grade` (`course_id`, `student_id`, `grade`) VALUES ('ENGL10', '48', '96');
INSERT INTO `kimsquit`.`grade` (`course_id`, `student_id`, `grade`) VALUES ('ENGL10', '49', '58');
INSERT INTO `kimsquit`.`grade` (`course_id`, `student_id`, `grade`) VALUES ('ENGL10', '50', '79');
INSERT INTO `kimsquit`.`grade` (`course_id`, `student_id`, `grade`) VALUES ('FRAN10', '11', '51');
INSERT INTO `kimsquit`.`grade` (`course_id`, `student_id`, `grade`) VALUES ('FRAN10', '12', '94');
INSERT INTO `kimsquit`.`grade` (`course_id`, `student_id`, `grade`) VALUES ('FRAN10', '13', '84');
INSERT INTO `kimsquit`.`grade` (`course_id`, `student_id`, `grade`) VALUES ('FRAN10', '14', '96');
INSERT INTO `kimsquit`.`grade` (`course_id`, `student_id`, `grade`) VALUES ('FRAN10', '15', '63');
INSERT INTO `kimsquit`.`grade` (`course_id`, `student_id`, `grade`) VALUES ('FRAN10', '16', '63');
INSERT INTO `kimsquit`.`grade` (`course_id`, `student_id`, `grade`) VALUES ('FRAN10', '17', '52');
INSERT INTO `kimsquit`.`grade` (`course_id`, `student_id`, `grade`) VALUES ('FRAN10', '18', '96');
INSERT INTO `kimsquit`.`grade` (`course_id`, `student_id`, `grade`) VALUES ('FRAN10', '19', '60');
INSERT INTO `kimsquit`.`grade` (`course_id`, `student_id`, `grade`) VALUES ('FRAN10', '20', '54');
INSERT INTO `kimsquit`.`grade` (`course_id`, `student_id`, `grade`) VALUES ('FRAN10', '21', '60');
INSERT INTO `kimsquit`.`grade` (`course_id`, `student_id`, `grade`) VALUES ('FRAN10', '22', '58');
INSERT INTO `kimsquit`.`grade` (`course_id`, `student_id`, `grade`) VALUES ('FRAN10', '23', '62');
INSERT INTO `kimsquit`.`grade` (`course_id`, `student_id`, `grade`) VALUES ('FRAN10', '24', '78');
INSERT INTO `kimsquit`.`grade` (`course_id`, `student_id`, `grade`) VALUES ('FRAN10', '25', '78');
INSERT INTO `kimsquit`.`grade` (`course_id`, `student_id`, `grade`) VALUES ('FRAN10', '26', '74');
INSERT INTO `kimsquit`.`grade` (`course_id`, `student_id`, `grade`) VALUES ('FRAN10', '27', '74');
INSERT INTO `kimsquit`.`grade` (`course_id`, `student_id`, `grade`) VALUES ('FRAN10', '28', '95');
INSERT INTO `kimsquit`.`grade` (`course_id`, `student_id`, `grade`) VALUES ('FRAN10', '29', '77');
INSERT INTO `kimsquit`.`grade` (`course_id`, `student_id`, `grade`) VALUES ('FRAN10', '30', '99');
INSERT INTO `kimsquit`.`grade` (`course_id`, `student_id`, `grade`) VALUES ('FRAN10', '31', '87');
INSERT INTO `kimsquit`.`grade` (`course_id`, `student_id`, `grade`) VALUES ('FRAN10', '32', '81');
INSERT INTO `kimsquit`.`grade` (`course_id`, `student_id`, `grade`) VALUES ('FRAN10', '33', '90');
INSERT INTO `kimsquit`.`grade` (`course_id`, `student_id`, `grade`) VALUES ('FRAN10', '34', '96');
INSERT INTO `kimsquit`.`grade` (`course_id`, `student_id`, `grade`) VALUES ('FRAN10', '35', '80');
INSERT INTO `kimsquit`.`grade` (`course_id`, `student_id`, `grade`) VALUES ('FRAN10', '36', '71');
INSERT INTO `kimsquit`.`grade` (`course_id`, `student_id`, `grade`) VALUES ('FRAN10', '37', '80');
INSERT INTO `kimsquit`.`grade` (`course_id`, `student_id`, `grade`) VALUES ('FRAN10', '38', '55');
INSERT INTO `kimsquit`.`grade` (`course_id`, `student_id`, `grade`) VALUES ('FRAN10', '39', '85');
INSERT INTO `kimsquit`.`grade` (`course_id`, `student_id`, `grade`) VALUES ('FRAN10', '40', '63');
INSERT INTO `kimsquit`.`grade` (`course_id`, `student_id`, `grade`) VALUES ('FRAN10', '41', '70');
INSERT INTO `kimsquit`.`grade` (`course_id`, `student_id`, `grade`) VALUES ('FRAN10', '42', '95');
INSERT INTO `kimsquit`.`grade` (`course_id`, `student_id`, `grade`) VALUES ('FRAN10', '43', '77');
INSERT INTO `kimsquit`.`grade` (`course_id`, `student_id`, `grade`) VALUES ('FRAN10', '44', '66');
INSERT INTO `kimsquit`.`grade` (`course_id`, `student_id`, `grade`) VALUES ('FRAN10', '45', '100');
INSERT INTO `kimsquit`.`grade` (`course_id`, `student_id`, `grade`) VALUES ('FRAN10', '46', '88');
INSERT INTO `kimsquit`.`grade` (`course_id`, `student_id`, `grade`) VALUES ('FRAN10', '47', '92');
INSERT INTO `kimsquit`.`grade` (`course_id`, `student_id`, `grade`) VALUES ('FRAN10', '48', '86');
INSERT INTO `kimsquit`.`grade` (`course_id`, `student_id`, `grade`) VALUES ('FRAN10', '49', '65');
INSERT INTO `kimsquit`.`grade` (`course_id`, `student_id`, `grade`) VALUES ('FRAN10', '50', '65');
INSERT INTO `kimsquit`.`grade` (`course_id`, `student_id`, `grade`) VALUES ('FRAN10', '41', '67');
INSERT INTO `kimsquit`.`grade` (`course_id`, `student_id`, `grade`) VALUES ('FRAN10', '42', '73');
INSERT INTO `kimsquit`.`grade` (`course_id`, `student_id`, `grade`) VALUES ('FRAN10', '43', '85');
INSERT INTO `kimsquit`.`grade` (`course_id`, `student_id`, `grade`) VALUES ('FRAN10', '44', '78');
INSERT INTO `kimsquit`.`grade` (`course_id`, `student_id`, `grade`) VALUES ('FRAN10', '45', '78');
INSERT INTO `kimsquit`.`grade` (`course_id`, `student_id`, `grade`) VALUES ('FRAN10', '46', '95');
INSERT INTO `kimsquit`.`grade` (`course_id`, `student_id`, `grade`) VALUES ('FRAN10', '47', '89');
INSERT INTO `kimsquit`.`grade` (`course_id`, `student_id`, `grade`) VALUES ('FRAN10', '48', '65');
INSERT INTO `kimsquit`.`grade` (`course_id`, `student_id`, `grade`) VALUES ('FRAN10', '49', '55');
INSERT INTO `kimsquit`.`grade` (`course_id`, `student_id`, `grade`) VALUES ('FRAN10', '50', '51');
INSERT INTO `kimsquit`.`grade` (`course_id`, `student_id`, `grade`) VALUES ('MATH10', '11', '73');
INSERT INTO `kimsquit`.`grade` (`course_id`, `student_id`, `grade`) VALUES ('MATH10', '12', '50');
INSERT INTO `kimsquit`.`grade` (`course_id`, `student_id`, `grade`) VALUES ('MATH10', '13', '77');
INSERT INTO `kimsquit`.`grade` (`course_id`, `student_id`, `grade`) VALUES ('MATH10', '14', '62');
INSERT INTO `kimsquit`.`grade` (`course_id`, `student_id`, `grade`) VALUES ('MATH10', '15', '74');
INSERT INTO `kimsquit`.`grade` (`course_id`, `student_id`, `grade`) VALUES ('MATH10', '16', '52');
INSERT INTO `kimsquit`.`grade` (`course_id`, `student_id`, `grade`) VALUES ('MATH10', '17', '94');
INSERT INTO `kimsquit`.`grade` (`course_id`, `student_id`, `grade`) VALUES ('MATH10', '18', '89');
INSERT INTO `kimsquit`.`grade` (`course_id`, `student_id`, `grade`) VALUES ('MATH10', '19', '71');
INSERT INTO `kimsquit`.`grade` (`course_id`, `student_id`, `grade`) VALUES ('MATH10', '20', '82');
INSERT INTO `kimsquit`.`grade` (`course_id`, `student_id`, `grade`) VALUES ('MATH10', '21', '68');
INSERT INTO `kimsquit`.`grade` (`course_id`, `student_id`, `grade`) VALUES ('MATH10', '22', '69');
INSERT INTO `kimsquit`.`grade` (`course_id`, `student_id`, `grade`) VALUES ('MATH10', '23', '90');
INSERT INTO `kimsquit`.`grade` (`course_id`, `student_id`, `grade`) VALUES ('MATH10', '24', '89');
INSERT INTO `kimsquit`.`grade` (`course_id`, `student_id`, `grade`) VALUES ('MATH10', '25', '69');
INSERT INTO `kimsquit`.`grade` (`course_id`, `student_id`, `grade`) VALUES ('MATH10', '26', '96');
INSERT INTO `kimsquit`.`grade` (`course_id`, `student_id`, `grade`) VALUES ('MATH10', '27', '96');
INSERT INTO `kimsquit`.`grade` (`course_id`, `student_id`, `grade`) VALUES ('MATH10', '28', '67');
INSERT INTO `kimsquit`.`grade` (`course_id`, `student_id`, `grade`) VALUES ('MATH10', '29', '78');
INSERT INTO `kimsquit`.`grade` (`course_id`, `student_id`, `grade`) VALUES ('MATH10', '30', '86');
INSERT INTO `kimsquit`.`grade` (`course_id`, `student_id`, `grade`) VALUES ('MATH10', '31', '87');
INSERT INTO `kimsquit`.`grade` (`course_id`, `student_id`, `grade`) VALUES ('MATH10', '32', '91');
INSERT INTO `kimsquit`.`grade` (`course_id`, `student_id`, `grade`) VALUES ('MATH10', '33', '96');
INSERT INTO `kimsquit`.`grade` (`course_id`, `student_id`, `grade`) VALUES ('MATH10', '34', '51');
INSERT INTO `kimsquit`.`grade` (`course_id`, `student_id`, `grade`) VALUES ('MATH10', '35', '60');
INSERT INTO `kimsquit`.`grade` (`course_id`, `student_id`, `grade`) VALUES ('MATH10', '36', '88');
INSERT INTO `kimsquit`.`grade` (`course_id`, `student_id`, `grade`) VALUES ('MATH10', '37', '64');
INSERT INTO `kimsquit`.`grade` (`course_id`, `student_id`, `grade`) VALUES ('MATH10', '38', '55');
INSERT INTO `kimsquit`.`grade` (`course_id`, `student_id`, `grade`) VALUES ('MATH10', '39', '77');
INSERT INTO `kimsquit`.`grade` (`course_id`, `student_id`, `grade`) VALUES ('MATH10', '40', '89');
INSERT INTO `kimsquit`.`grade` (`course_id`, `student_id`, `grade`) VALUES ('MATH10', '41', '93');
INSERT INTO `kimsquit`.`grade` (`course_id`, `student_id`, `grade`) VALUES ('MATH10', '42', '91');
INSERT INTO `kimsquit`.`grade` (`course_id`, `student_id`, `grade`) VALUES ('MATH10', '43', '93');
INSERT INTO `kimsquit`.`grade` (`course_id`, `student_id`, `grade`) VALUES ('MATH10', '44', '90');
INSERT INTO `kimsquit`.`grade` (`course_id`, `student_id`, `grade`) VALUES ('MATH10', '45', '71');
INSERT INTO `kimsquit`.`grade` (`course_id`, `student_id`, `grade`) VALUES ('MATH10', '46', '99');
INSERT INTO `kimsquit`.`grade` (`course_id`, `student_id`, `grade`) VALUES ('MATH10', '47', '52');
INSERT INTO `kimsquit`.`grade` (`course_id`, `student_id`, `grade`) VALUES ('MATH10', '48', '75');
INSERT INTO `kimsquit`.`grade` (`course_id`, `student_id`, `grade`) VALUES ('MATH10', '49', '71');
INSERT INTO `kimsquit`.`grade` (`course_id`, `student_id`, `grade`) VALUES ('MATH10', '50', '83');
INSERT INTO `kimsquit`.`grade` (`course_id`, `student_id`, `grade`) VALUES ('MATH10', '41', '93');
INSERT INTO `kimsquit`.`grade` (`course_id`, `student_id`, `grade`) VALUES ('MATH10', '42', '92');
INSERT INTO `kimsquit`.`grade` (`course_id`, `student_id`, `grade`) VALUES ('MATH10', '43', '88');
INSERT INTO `kimsquit`.`grade` (`course_id`, `student_id`, `grade`) VALUES ('MATH10', '44', '73');
INSERT INTO `kimsquit`.`grade` (`course_id`, `student_id`, `grade`) VALUES ('MATH10', '45', '57');
INSERT INTO `kimsquit`.`grade` (`course_id`, `student_id`, `grade`) VALUES ('MATH10', '46', '54');
INSERT INTO `kimsquit`.`grade` (`course_id`, `student_id`, `grade`) VALUES ('MATH10', '47', '95');
INSERT INTO `kimsquit`.`grade` (`course_id`, `student_id`, `grade`) VALUES ('MATH10', '48', '67');
INSERT INTO `kimsquit`.`grade` (`course_id`, `student_id`, `grade`) VALUES ('MATH10', '49', '89');
INSERT INTO `kimsquit`.`grade` (`course_id`, `student_id`, `grade`) VALUES ('MATH10', '50', '84');
INSERT INTO `kimsquit`.`grade` (`course_id`, `student_id`, `grade`) VALUES ('SCIE10', '11', '74');
INSERT INTO `kimsquit`.`grade` (`course_id`, `student_id`, `grade`) VALUES ('SCIE10', '12', '76');
INSERT INTO `kimsquit`.`grade` (`course_id`, `student_id`, `grade`) VALUES ('SCIE10', '13', '76');
INSERT INTO `kimsquit`.`grade` (`course_id`, `student_id`, `grade`) VALUES ('SCIE10', '14', '97');
INSERT INTO `kimsquit`.`grade` (`course_id`, `student_id`, `grade`) VALUES ('SCIE10', '15', '60');
INSERT INTO `kimsquit`.`grade` (`course_id`, `student_id`, `grade`) VALUES ('SCIE10', '16', '73');
INSERT INTO `kimsquit`.`grade` (`course_id`, `student_id`, `grade`) VALUES ('SCIE10', '17', '71');
INSERT INTO `kimsquit`.`grade` (`course_id`, `student_id`, `grade`) VALUES ('SCIE10', '18', '85');
INSERT INTO `kimsquit`.`grade` (`course_id`, `student_id`, `grade`) VALUES ('SCIE10', '19', '72');
INSERT INTO `kimsquit`.`grade` (`course_id`, `student_id`, `grade`) VALUES ('SCIE10', '20', '60');
INSERT INTO `kimsquit`.`grade` (`course_id`, `student_id`, `grade`) VALUES ('SCIE10', '21', '71');
INSERT INTO `kimsquit`.`grade` (`course_id`, `student_id`, `grade`) VALUES ('SCIE10', '22', '59');
INSERT INTO `kimsquit`.`grade` (`course_id`, `student_id`, `grade`) VALUES ('SCIE10', '23', '95');
INSERT INTO `kimsquit`.`grade` (`course_id`, `student_id`, `grade`) VALUES ('SCIE10', '24', '53');
INSERT INTO `kimsquit`.`grade` (`course_id`, `student_id`, `grade`) VALUES ('SCIE10', '25', '99');
INSERT INTO `kimsquit`.`grade` (`course_id`, `student_id`, `grade`) VALUES ('SCIE10', '26', '90');
INSERT INTO `kimsquit`.`grade` (`course_id`, `student_id`, `grade`) VALUES ('SCIE10', '27', '73');
INSERT INTO `kimsquit`.`grade` (`course_id`, `student_id`, `grade`) VALUES ('SCIE10', '28', '75');
INSERT INTO `kimsquit`.`grade` (`course_id`, `student_id`, `grade`) VALUES ('SCIE10', '29', '82');
INSERT INTO `kimsquit`.`grade` (`course_id`, `student_id`, `grade`) VALUES ('SCIE10', '30', '82');
INSERT INTO `kimsquit`.`grade` (`course_id`, `student_id`, `grade`) VALUES ('SCIE10', '31', '74');
INSERT INTO `kimsquit`.`grade` (`course_id`, `student_id`, `grade`) VALUES ('SCIE10', '32', '96');
INSERT INTO `kimsquit`.`grade` (`course_id`, `student_id`, `grade`) VALUES ('SCIE10', '33', '69');
INSERT INTO `kimsquit`.`grade` (`course_id`, `student_id`, `grade`) VALUES ('SCIE10', '34', '88');
INSERT INTO `kimsquit`.`grade` (`course_id`, `student_id`, `grade`) VALUES ('SCIE10', '35', '100');
INSERT INTO `kimsquit`.`grade` (`course_id`, `student_id`, `grade`) VALUES ('SCIE10', '36', '53');
INSERT INTO `kimsquit`.`grade` (`course_id`, `student_id`, `grade`) VALUES ('SCIE10', '37', '65');
INSERT INTO `kimsquit`.`grade` (`course_id`, `student_id`, `grade`) VALUES ('SCIE10', '38', '84');
INSERT INTO `kimsquit`.`grade` (`course_id`, `student_id`, `grade`) VALUES ('SCIE10', '39', '98');
INSERT INTO `kimsquit`.`grade` (`course_id`, `student_id`, `grade`) VALUES ('SCIE10', '40', '69');
INSERT INTO `kimsquit`.`grade` (`course_id`, `student_id`, `grade`) VALUES ('SCIE10', '41', '89');
INSERT INTO `kimsquit`.`grade` (`course_id`, `student_id`, `grade`) VALUES ('SCIE10', '42', '70');
INSERT INTO `kimsquit`.`grade` (`course_id`, `student_id`, `grade`) VALUES ('SCIE10', '43', '94');
INSERT INTO `kimsquit`.`grade` (`course_id`, `student_id`, `grade`) VALUES ('SCIE10', '44', '70');
INSERT INTO `kimsquit`.`grade` (`course_id`, `student_id`, `grade`) VALUES ('SCIE10', '45', '87');
INSERT INTO `kimsquit`.`grade` (`course_id`, `student_id`, `grade`) VALUES ('SCIE10', '46', '84');
INSERT INTO `kimsquit`.`grade` (`course_id`, `student_id`, `grade`) VALUES ('SCIE10', '47', '52');
INSERT INTO `kimsquit`.`grade` (`course_id`, `student_id`, `grade`) VALUES ('SCIE10', '48', '76');
INSERT INTO `kimsquit`.`grade` (`course_id`, `student_id`, `grade`) VALUES ('SCIE10', '49', '89');
INSERT INTO `kimsquit`.`grade` (`course_id`, `student_id`, `grade`) VALUES ('SCIE10', '50', '81');
INSERT INTO `kimsquit`.`grade` (`course_id`, `student_id`, `grade`) VALUES ('SCIE10', '41', '90');
INSERT INTO `kimsquit`.`grade` (`course_id`, `student_id`, `grade`) VALUES ('SCIE10', '42', '96');
INSERT INTO `kimsquit`.`grade` (`course_id`, `student_id`, `grade`) VALUES ('SCIE10', '43', '51');
INSERT INTO `kimsquit`.`grade` (`course_id`, `student_id`, `grade`) VALUES ('SCIE10', '44', '66');
INSERT INTO `kimsquit`.`grade` (`course_id`, `student_id`, `grade`) VALUES ('SCIE10', '45', '61');
INSERT INTO `kimsquit`.`grade` (`course_id`, `student_id`, `grade`) VALUES ('SCIE10', '46', '54');
INSERT INTO `kimsquit`.`grade` (`course_id`, `student_id`, `grade`) VALUES ('SCIE10', '47', '59');
INSERT INTO `kimsquit`.`grade` (`course_id`, `student_id`, `grade`) VALUES ('SCIE10', '48', '53');
INSERT INTO `kimsquit`.`grade` (`course_id`, `student_id`, `grade`) VALUES ('SCIE10', '49', '95');
INSERT INTO `kimsquit`.`grade` (`course_id`, `student_id`, `grade`) VALUES ('SCIE10', '50', '84');
INSERT INTO `kimsquit`.`grade` (`course_id`, `student_id`, `grade`) VALUES ('PHED10', '11', '68');
INSERT INTO `kimsquit`.`grade` (`course_id`, `student_id`, `grade`) VALUES ('PHED10', '12', '69');
INSERT INTO `kimsquit`.`grade` (`course_id`, `student_id`, `grade`) VALUES ('PHED10', '13', '84');
INSERT INTO `kimsquit`.`grade` (`course_id`, `student_id`, `grade`) VALUES ('PHED10', '14', '90');
INSERT INTO `kimsquit`.`grade` (`course_id`, `student_id`, `grade`) VALUES ('PHED10', '15', '84');
INSERT INTO `kimsquit`.`grade` (`course_id`, `student_id`, `grade`) VALUES ('PHED10', '16', '58');
INSERT INTO `kimsquit`.`grade` (`course_id`, `student_id`, `grade`) VALUES ('PHED10', '17', '78');
INSERT INTO `kimsquit`.`grade` (`course_id`, `student_id`, `grade`) VALUES ('PHED10', '18', '73');
INSERT INTO `kimsquit`.`grade` (`course_id`, `student_id`, `grade`) VALUES ('PHED10', '19', '62');
INSERT INTO `kimsquit`.`grade` (`course_id`, `student_id`, `grade`) VALUES ('PHED10', '20', '55');
INSERT INTO `kimsquit`.`grade` (`course_id`, `student_id`, `grade`) VALUES ('PHED10', '21', '89');
INSERT INTO `kimsquit`.`grade` (`course_id`, `student_id`, `grade`) VALUES ('PHED10', '22', '74');
INSERT INTO `kimsquit`.`grade` (`course_id`, `student_id`, `grade`) VALUES ('PHED10', '23', '94');
INSERT INTO `kimsquit`.`grade` (`course_id`, `student_id`, `grade`) VALUES ('PHED10', '24', '80');
INSERT INTO `kimsquit`.`grade` (`course_id`, `student_id`, `grade`) VALUES ('PHED10', '25', '64');
INSERT INTO `kimsquit`.`grade` (`course_id`, `student_id`, `grade`) VALUES ('PHED10', '26', '90');
INSERT INTO `kimsquit`.`grade` (`course_id`, `student_id`, `grade`) VALUES ('PHED10', '27', '92');
INSERT INTO `kimsquit`.`grade` (`course_id`, `student_id`, `grade`) VALUES ('PHED10', '28', '68');
INSERT INTO `kimsquit`.`grade` (`course_id`, `student_id`, `grade`) VALUES ('PHED10', '29', '94');
INSERT INTO `kimsquit`.`grade` (`course_id`, `student_id`, `grade`) VALUES ('PHED10', '30', '71');
INSERT INTO `kimsquit`.`grade` (`course_id`, `student_id`, `grade`) VALUES ('PHED10', '31', '79');
INSERT INTO `kimsquit`.`grade` (`course_id`, `student_id`, `grade`) VALUES ('PHED10', '32', '80');
INSERT INTO `kimsquit`.`grade` (`course_id`, `student_id`, `grade`) VALUES ('PHED10', '33', '59');
INSERT INTO `kimsquit`.`grade` (`course_id`, `student_id`, `grade`) VALUES ('PHED10', '34', '71');
INSERT INTO `kimsquit`.`grade` (`course_id`, `student_id`, `grade`) VALUES ('PHED10', '35', '81');
INSERT INTO `kimsquit`.`grade` (`course_id`, `student_id`, `grade`) VALUES ('PHED10', '36', '94');
INSERT INTO `kimsquit`.`grade` (`course_id`, `student_id`, `grade`) VALUES ('PHED10', '37', '55');
INSERT INTO `kimsquit`.`grade` (`course_id`, `student_id`, `grade`) VALUES ('PHED10', '38', '50');
INSERT INTO `kimsquit`.`grade` (`course_id`, `student_id`, `grade`) VALUES ('PHED10', '39', '77');
INSERT INTO `kimsquit`.`grade` (`course_id`, `student_id`, `grade`) VALUES ('PHED10', '40', '88');
INSERT INTO `kimsquit`.`grade` (`course_id`, `student_id`, `grade`) VALUES ('PHED10', '41', '85');
INSERT INTO `kimsquit`.`grade` (`course_id`, `student_id`, `grade`) VALUES ('PHED10', '42', '66');
INSERT INTO `kimsquit`.`grade` (`course_id`, `student_id`, `grade`) VALUES ('PHED10', '43', '76');
INSERT INTO `kimsquit`.`grade` (`course_id`, `student_id`, `grade`) VALUES ('PHED10', '44', '71');
INSERT INTO `kimsquit`.`grade` (`course_id`, `student_id`, `grade`) VALUES ('PHED10', '45', '95');
INSERT INTO `kimsquit`.`grade` (`course_id`, `student_id`, `grade`) VALUES ('PHED10', '46', '50');
INSERT INTO `kimsquit`.`grade` (`course_id`, `student_id`, `grade`) VALUES ('PHED10', '47', '63');
INSERT INTO `kimsquit`.`grade` (`course_id`, `student_id`, `grade`) VALUES ('PHED10', '48', '88');
INSERT INTO `kimsquit`.`grade` (`course_id`, `student_id`, `grade`) VALUES ('PHED10', '49', '58');
INSERT INTO `kimsquit`.`grade` (`course_id`, `student_id`, `grade`) VALUES ('PHED10', '50', '55');
INSERT INTO `kimsquit`.`grade` (`course_id`, `student_id`, `grade`) VALUES ('PHED10', '41', '77');
INSERT INTO `kimsquit`.`grade` (`course_id`, `student_id`, `grade`) VALUES ('PHED10', '42', '96');
INSERT INTO `kimsquit`.`grade` (`course_id`, `student_id`, `grade`) VALUES ('PHED10', '43', '56');
INSERT INTO `kimsquit`.`grade` (`course_id`, `student_id`, `grade`) VALUES ('PHED10', '44', '89');
INSERT INTO `kimsquit`.`grade` (`course_id`, `student_id`, `grade`) VALUES ('PHED10', '45', '92');
INSERT INTO `kimsquit`.`grade` (`course_id`, `student_id`, `grade`) VALUES ('PHED10', '46', '94');
INSERT INTO `kimsquit`.`grade` (`course_id`, `student_id`, `grade`) VALUES ('PHED10', '47', '94');
INSERT INTO `kimsquit`.`grade` (`course_id`, `student_id`, `grade`) VALUES ('PHED10', '48', '79');
INSERT INTO `kimsquit`.`grade` (`course_id`, `student_id`, `grade`) VALUES ('PHED10', '49', '75');
INSERT INTO `kimsquit`.`grade` (`course_id`, `student_id`, `grade`) VALUES ('PHED10', '50', '77');
INSERT INTO `kimsquit`.`grade` (`course_id`, `student_id`, `grade`) VALUES ('HIST10', '11', '62');
INSERT INTO `kimsquit`.`grade` (`course_id`, `student_id`, `grade`) VALUES ('HIST10', '12', '89');
INSERT INTO `kimsquit`.`grade` (`course_id`, `student_id`, `grade`) VALUES ('HIST10', '13', '71');
INSERT INTO `kimsquit`.`grade` (`course_id`, `student_id`, `grade`) VALUES ('HIST10', '14', '77');
INSERT INTO `kimsquit`.`grade` (`course_id`, `student_id`, `grade`) VALUES ('HIST10', '15', '64');
INSERT INTO `kimsquit`.`grade` (`course_id`, `student_id`, `grade`) VALUES ('HIST10', '16', '84');
INSERT INTO `kimsquit`.`grade` (`course_id`, `student_id`, `grade`) VALUES ('HIST10', '17', '63');
INSERT INTO `kimsquit`.`grade` (`course_id`, `student_id`, `grade`) VALUES ('HIST10', '18', '63');
INSERT INTO `kimsquit`.`grade` (`course_id`, `student_id`, `grade`) VALUES ('HIST10', '19', '94');
INSERT INTO `kimsquit`.`grade` (`course_id`, `student_id`, `grade`) VALUES ('HIST10', '20', '65');
INSERT INTO `kimsquit`.`grade` (`course_id`, `student_id`, `grade`) VALUES ('HIST10', '21', '68');
INSERT INTO `kimsquit`.`grade` (`course_id`, `student_id`, `grade`) VALUES ('HIST10', '22', '83');
INSERT INTO `kimsquit`.`grade` (`course_id`, `student_id`, `grade`) VALUES ('HIST10', '23', '77');
INSERT INTO `kimsquit`.`grade` (`course_id`, `student_id`, `grade`) VALUES ('HIST10', '24', '56');
INSERT INTO `kimsquit`.`grade` (`course_id`, `student_id`, `grade`) VALUES ('HIST10', '25', '94');
INSERT INTO `kimsquit`.`grade` (`course_id`, `student_id`, `grade`) VALUES ('HIST10', '26', '95');
INSERT INTO `kimsquit`.`grade` (`course_id`, `student_id`, `grade`) VALUES ('HIST10', '27', '67');
INSERT INTO `kimsquit`.`grade` (`course_id`, `student_id`, `grade`) VALUES ('HIST10', '28', '60');
INSERT INTO `kimsquit`.`grade` (`course_id`, `student_id`, `grade`) VALUES ('HIST10', '29', '85');
INSERT INTO `kimsquit`.`grade` (`course_id`, `student_id`, `grade`) VALUES ('HIST10', '30', '80');
INSERT INTO `kimsquit`.`grade` (`course_id`, `student_id`, `grade`) VALUES ('HIST10', '31', '51');
INSERT INTO `kimsquit`.`grade` (`course_id`, `student_id`, `grade`) VALUES ('HIST10', '32', '78');
INSERT INTO `kimsquit`.`grade` (`course_id`, `student_id`, `grade`) VALUES ('HIST10', '33', '55');
INSERT INTO `kimsquit`.`grade` (`course_id`, `student_id`, `grade`) VALUES ('HIST10', '34', '97');
INSERT INTO `kimsquit`.`grade` (`course_id`, `student_id`, `grade`) VALUES ('HIST10', '35', '83');
INSERT INTO `kimsquit`.`grade` (`course_id`, `student_id`, `grade`) VALUES ('HIST10', '36', '65');
INSERT INTO `kimsquit`.`grade` (`course_id`, `student_id`, `grade`) VALUES ('HIST10', '37', '76');
INSERT INTO `kimsquit`.`grade` (`course_id`, `student_id`, `grade`) VALUES ('HIST10', '38', '77');
INSERT INTO `kimsquit`.`grade` (`course_id`, `student_id`, `grade`) VALUES ('HIST10', '39', '97');
INSERT INTO `kimsquit`.`grade` (`course_id`, `student_id`, `grade`) VALUES ('HIST10', '40', '92');
INSERT INTO `kimsquit`.`grade` (`course_id`, `student_id`, `grade`) VALUES ('HIST10', '41', '75');
INSERT INTO `kimsquit`.`grade` (`course_id`, `student_id`, `grade`) VALUES ('HIST10', '42', '54');
INSERT INTO `kimsquit`.`grade` (`course_id`, `student_id`, `grade`) VALUES ('HIST10', '43', '80');
INSERT INTO `kimsquit`.`grade` (`course_id`, `student_id`, `grade`) VALUES ('HIST10', '44', '73');
INSERT INTO `kimsquit`.`grade` (`course_id`, `student_id`, `grade`) VALUES ('HIST10', '45', '90');
INSERT INTO `kimsquit`.`grade` (`course_id`, `student_id`, `grade`) VALUES ('HIST10', '46', '56');
INSERT INTO `kimsquit`.`grade` (`course_id`, `student_id`, `grade`) VALUES ('HIST10', '47', '62');
INSERT INTO `kimsquit`.`grade` (`course_id`, `student_id`, `grade`) VALUES ('HIST10', '48', '90');
INSERT INTO `kimsquit`.`grade` (`course_id`, `student_id`, `grade`) VALUES ('HIST10', '49', '57');
INSERT INTO `kimsquit`.`grade` (`course_id`, `student_id`, `grade`) VALUES ('HIST10', '50', '82');
INSERT INTO `kimsquit`.`grade` (`course_id`, `student_id`, `grade`) VALUES ('HIST10', '41', '96');
INSERT INTO `kimsquit`.`grade` (`course_id`, `student_id`, `grade`) VALUES ('HIST10', '42', '84');
INSERT INTO `kimsquit`.`grade` (`course_id`, `student_id`, `grade`) VALUES ('HIST10', '43', '63');
INSERT INTO `kimsquit`.`grade` (`course_id`, `student_id`, `grade`) VALUES ('HIST10', '44', '64');
INSERT INTO `kimsquit`.`grade` (`course_id`, `student_id`, `grade`) VALUES ('HIST10', '45', '51');
INSERT INTO `kimsquit`.`grade` (`course_id`, `student_id`, `grade`) VALUES ('HIST10', '46', '97');
INSERT INTO `kimsquit`.`grade` (`course_id`, `student_id`, `grade`) VALUES ('HIST10', '47', '66');
INSERT INTO `kimsquit`.`grade` (`course_id`, `student_id`, `grade`) VALUES ('HIST10', '48', '57');
INSERT INTO `kimsquit`.`grade` (`course_id`, `student_id`, `grade`) VALUES ('HIST10', '49', '92');
INSERT INTO `kimsquit`.`grade` (`course_id`, `student_id`, `grade`) VALUES ('HIST10', '50', '81');
INSERT INTO `kimsquit`.`grade` (`course_id`, `student_id`, `grade`) VALUES ('ARTS10', '11', '86');
INSERT INTO `kimsquit`.`grade` (`course_id`, `student_id`, `grade`) VALUES ('ARTS10', '12', '94');
INSERT INTO `kimsquit`.`grade` (`course_id`, `student_id`, `grade`) VALUES ('ARTS10', '13', '69');
INSERT INTO `kimsquit`.`grade` (`course_id`, `student_id`, `grade`) VALUES ('ARTS10', '14', '70');
INSERT INTO `kimsquit`.`grade` (`course_id`, `student_id`, `grade`) VALUES ('ARTS10', '15', '51');
INSERT INTO `kimsquit`.`grade` (`course_id`, `student_id`, `grade`) VALUES ('ARTS10', '16', '94');
INSERT INTO `kimsquit`.`grade` (`course_id`, `student_id`, `grade`) VALUES ('ARTS10', '17', '76');
INSERT INTO `kimsquit`.`grade` (`course_id`, `student_id`, `grade`) VALUES ('ARTS10', '18', '73');
INSERT INTO `kimsquit`.`grade` (`course_id`, `student_id`, `grade`) VALUES ('ARTS10', '19', '81');
INSERT INTO `kimsquit`.`grade` (`course_id`, `student_id`, `grade`) VALUES ('ARTS10', '20', '63');
INSERT INTO `kimsquit`.`grade` (`course_id`, `student_id`, `grade`) VALUES ('ARTS10', '21', '83');
INSERT INTO `kimsquit`.`grade` (`course_id`, `student_id`, `grade`) VALUES ('ARTS10', '22', '77');
INSERT INTO `kimsquit`.`grade` (`course_id`, `student_id`, `grade`) VALUES ('ARTS10', '23', '54');
INSERT INTO `kimsquit`.`grade` (`course_id`, `student_id`, `grade`) VALUES ('ARTS10', '24', '92');
INSERT INTO `kimsquit`.`grade` (`course_id`, `student_id`, `grade`) VALUES ('ARTS10', '25', '52');
INSERT INTO `kimsquit`.`grade` (`course_id`, `student_id`, `grade`) VALUES ('ARTS10', '26', '99');
INSERT INTO `kimsquit`.`grade` (`course_id`, `student_id`, `grade`) VALUES ('ARTS10', '27', '54');
INSERT INTO `kimsquit`.`grade` (`course_id`, `student_id`, `grade`) VALUES ('ARTS10', '28', '62');
INSERT INTO `kimsquit`.`grade` (`course_id`, `student_id`, `grade`) VALUES ('ARTS10', '29', '50');
INSERT INTO `kimsquit`.`grade` (`course_id`, `student_id`, `grade`) VALUES ('ARTS10', '30', '85');
INSERT INTO `kimsquit`.`grade` (`course_id`, `student_id`, `grade`) VALUES ('ARTS10', '31', '56');
INSERT INTO `kimsquit`.`grade` (`course_id`, `student_id`, `grade`) VALUES ('ARTS10', '32', '53');
INSERT INTO `kimsquit`.`grade` (`course_id`, `student_id`, `grade`) VALUES ('ARTS10', '33', '96');
INSERT INTO `kimsquit`.`grade` (`course_id`, `student_id`, `grade`) VALUES ('ARTS10', '34', '56');
INSERT INTO `kimsquit`.`grade` (`course_id`, `student_id`, `grade`) VALUES ('ARTS10', '35', '69');
INSERT INTO `kimsquit`.`grade` (`course_id`, `student_id`, `grade`) VALUES ('ARTS10', '36', '95');
INSERT INTO `kimsquit`.`grade` (`course_id`, `student_id`, `grade`) VALUES ('ARTS10', '37', '50');
INSERT INTO `kimsquit`.`grade` (`course_id`, `student_id`, `grade`) VALUES ('ARTS10', '38', '59');
INSERT INTO `kimsquit`.`grade` (`course_id`, `student_id`, `grade`) VALUES ('ARTS10', '39', '89');
INSERT INTO `kimsquit`.`grade` (`course_id`, `student_id`, `grade`) VALUES ('ARTS10', '40', '90');
INSERT INTO `kimsquit`.`grade` (`course_id`, `student_id`, `grade`) VALUES ('ARTS10', '41', '71');
INSERT INTO `kimsquit`.`grade` (`course_id`, `student_id`, `grade`) VALUES ('ARTS10', '42', '95');
INSERT INTO `kimsquit`.`grade` (`course_id`, `student_id`, `grade`) VALUES ('ARTS10', '43', '91');
INSERT INTO `kimsquit`.`grade` (`course_id`, `student_id`, `grade`) VALUES ('ARTS10', '44', '91');
INSERT INTO `kimsquit`.`grade` (`course_id`, `student_id`, `grade`) VALUES ('ARTS10', '45', '55');
INSERT INTO `kimsquit`.`grade` (`course_id`, `student_id`, `grade`) VALUES ('ARTS10', '46', '82');
INSERT INTO `kimsquit`.`grade` (`course_id`, `student_id`, `grade`) VALUES ('ARTS10', '47', '94');
INSERT INTO `kimsquit`.`grade` (`course_id`, `student_id`, `grade`) VALUES ('ARTS10', '48', '65');
INSERT INTO `kimsquit`.`grade` (`course_id`, `student_id`, `grade`) VALUES ('ARTS10', '49', '69');
INSERT INTO `kimsquit`.`grade` (`course_id`, `student_id`, `grade`) VALUES ('ARTS10', '50', '85');
INSERT INTO `kimsquit`.`grade` (`course_id`, `student_id`, `grade`) VALUES ('ARTS10', '41', '68');
INSERT INTO `kimsquit`.`grade` (`course_id`, `student_id`, `grade`) VALUES ('ARTS10', '42', '87');
INSERT INTO `kimsquit`.`grade` (`course_id`, `student_id`, `grade`) VALUES ('ARTS10', '43', '60');
INSERT INTO `kimsquit`.`grade` (`course_id`, `student_id`, `grade`) VALUES ('ARTS10', '44', '91');
INSERT INTO `kimsquit`.`grade` (`course_id`, `student_id`, `grade`) VALUES ('ARTS10', '45', '68');
INSERT INTO `kimsquit`.`grade` (`course_id`, `student_id`, `grade`) VALUES ('ARTS10', '46', '51');
INSERT INTO `kimsquit`.`grade` (`course_id`, `student_id`, `grade`) VALUES ('ARTS10', '47', '88');
INSERT INTO `kimsquit`.`grade` (`course_id`, `student_id`, `grade`) VALUES ('ARTS10', '48', '96');
INSERT INTO `kimsquit`.`grade` (`course_id`, `student_id`, `grade`) VALUES ('ARTS10', '49', '81');
INSERT INTO `kimsquit`.`grade` (`course_id`, `student_id`, `grade`) VALUES ('ARTS10', '50', '81');
INSERT INTO `kimsquit`.`grade` (`course_id`, `student_id`, `grade`) VALUES ('ENGL20', '21', '74');
INSERT INTO `kimsquit`.`grade` (`course_id`, `student_id`, `grade`) VALUES ('ENGL20', '22', '53');
INSERT INTO `kimsquit`.`grade` (`course_id`, `student_id`, `grade`) VALUES ('ENGL20', '23', '75');
INSERT INTO `kimsquit`.`grade` (`course_id`, `student_id`, `grade`) VALUES ('ENGL20', '24', '56');
INSERT INTO `kimsquit`.`grade` (`course_id`, `student_id`, `grade`) VALUES ('ENGL20', '25', '72');
INSERT INTO `kimsquit`.`grade` (`course_id`, `student_id`, `grade`) VALUES ('ENGL20', '26', '64');
INSERT INTO `kimsquit`.`grade` (`course_id`, `student_id`, `grade`) VALUES ('ENGL20', '27', '93');
INSERT INTO `kimsquit`.`grade` (`course_id`, `student_id`, `grade`) VALUES ('ENGL20', '28', '95');
INSERT INTO `kimsquit`.`grade` (`course_id`, `student_id`, `grade`) VALUES ('ENGL20', '29', '64');
INSERT INTO `kimsquit`.`grade` (`course_id`, `student_id`, `grade`) VALUES ('ENGL20', '30', '88');
INSERT INTO `kimsquit`.`grade` (`course_id`, `student_id`, `grade`) VALUES ('ENGL20', '31', '63');
INSERT INTO `kimsquit`.`grade` (`course_id`, `student_id`, `grade`) VALUES ('ENGL20', '32', '54');
INSERT INTO `kimsquit`.`grade` (`course_id`, `student_id`, `grade`) VALUES ('ENGL20', '33', '59');
INSERT INTO `kimsquit`.`grade` (`course_id`, `student_id`, `grade`) VALUES ('ENGL20', '34', '64');
INSERT INTO `kimsquit`.`grade` (`course_id`, `student_id`, `grade`) VALUES ('ENGL20', '35', '51');
INSERT INTO `kimsquit`.`grade` (`course_id`, `student_id`, `grade`) VALUES ('ENGL20', '36', '51');
INSERT INTO `kimsquit`.`grade` (`course_id`, `student_id`, `grade`) VALUES ('ENGL20', '37', '93');
INSERT INTO `kimsquit`.`grade` (`course_id`, `student_id`, `grade`) VALUES ('ENGL20', '38', '58');
INSERT INTO `kimsquit`.`grade` (`course_id`, `student_id`, `grade`) VALUES ('ENGL20', '39', '99');
INSERT INTO `kimsquit`.`grade` (`course_id`, `student_id`, `grade`) VALUES ('ENGL20', '40', '87');
INSERT INTO `kimsquit`.`grade` (`course_id`, `student_id`, `grade`) VALUES ('ENGL20', '41', '69');
INSERT INTO `kimsquit`.`grade` (`course_id`, `student_id`, `grade`) VALUES ('ENGL20', '42', '74');
INSERT INTO `kimsquit`.`grade` (`course_id`, `student_id`, `grade`) VALUES ('ENGL20', '43', '84');
INSERT INTO `kimsquit`.`grade` (`course_id`, `student_id`, `grade`) VALUES ('ENGL20', '44', '92');
INSERT INTO `kimsquit`.`grade` (`course_id`, `student_id`, `grade`) VALUES ('ENGL20', '45', '52');
INSERT INTO `kimsquit`.`grade` (`course_id`, `student_id`, `grade`) VALUES ('ENGL20', '46', '61');
INSERT INTO `kimsquit`.`grade` (`course_id`, `student_id`, `grade`) VALUES ('ENGL20', '47', '54');
INSERT INTO `kimsquit`.`grade` (`course_id`, `student_id`, `grade`) VALUES ('ENGL20', '48', '76');
INSERT INTO `kimsquit`.`grade` (`course_id`, `student_id`, `grade`) VALUES ('ENGL20', '49', '63');
INSERT INTO `kimsquit`.`grade` (`course_id`, `student_id`, `grade`) VALUES ('ENGL20', '50', '89');
INSERT INTO `kimsquit`.`grade` (`course_id`, `student_id`, `grade`) VALUES ('FRAN20', '21', '58');
INSERT INTO `kimsquit`.`grade` (`course_id`, `student_id`, `grade`) VALUES ('FRAN20', '22', '77');
INSERT INTO `kimsquit`.`grade` (`course_id`, `student_id`, `grade`) VALUES ('FRAN20', '23', '64');
INSERT INTO `kimsquit`.`grade` (`course_id`, `student_id`, `grade`) VALUES ('FRAN20', '24', '77');
INSERT INTO `kimsquit`.`grade` (`course_id`, `student_id`, `grade`) VALUES ('FRAN20', '25', '57');
INSERT INTO `kimsquit`.`grade` (`course_id`, `student_id`, `grade`) VALUES ('FRAN20', '26', '79');
INSERT INTO `kimsquit`.`grade` (`course_id`, `student_id`, `grade`) VALUES ('FRAN20', '27', '83');
INSERT INTO `kimsquit`.`grade` (`course_id`, `student_id`, `grade`) VALUES ('FRAN20', '28', '51');
INSERT INTO `kimsquit`.`grade` (`course_id`, `student_id`, `grade`) VALUES ('FRAN20', '29', '73');
INSERT INTO `kimsquit`.`grade` (`course_id`, `student_id`, `grade`) VALUES ('FRAN20', '30', '83');
INSERT INTO `kimsquit`.`grade` (`course_id`, `student_id`, `grade`) VALUES ('FRAN20', '31', '78');
INSERT INTO `kimsquit`.`grade` (`course_id`, `student_id`, `grade`) VALUES ('FRAN20', '32', '91');
INSERT INTO `kimsquit`.`grade` (`course_id`, `student_id`, `grade`) VALUES ('FRAN20', '33', '63');
INSERT INTO `kimsquit`.`grade` (`course_id`, `student_id`, `grade`) VALUES ('FRAN20', '34', '70');
INSERT INTO `kimsquit`.`grade` (`course_id`, `student_id`, `grade`) VALUES ('FRAN20', '35', '65');
INSERT INTO `kimsquit`.`grade` (`course_id`, `student_id`, `grade`) VALUES ('FRAN20', '36', '52');
INSERT INTO `kimsquit`.`grade` (`course_id`, `student_id`, `grade`) VALUES ('FRAN20', '37', '50');
INSERT INTO `kimsquit`.`grade` (`course_id`, `student_id`, `grade`) VALUES ('FRAN20', '38', '94');
INSERT INTO `kimsquit`.`grade` (`course_id`, `student_id`, `grade`) VALUES ('FRAN20', '39', '58');
INSERT INTO `kimsquit`.`grade` (`course_id`, `student_id`, `grade`) VALUES ('FRAN20', '40', '84');
INSERT INTO `kimsquit`.`grade` (`course_id`, `student_id`, `grade`) VALUES ('FRAN20', '41', '62');
INSERT INTO `kimsquit`.`grade` (`course_id`, `student_id`, `grade`) VALUES ('FRAN20', '42', '100');
INSERT INTO `kimsquit`.`grade` (`course_id`, `student_id`, `grade`) VALUES ('FRAN20', '43', '83');
INSERT INTO `kimsquit`.`grade` (`course_id`, `student_id`, `grade`) VALUES ('FRAN20', '44', '75');
INSERT INTO `kimsquit`.`grade` (`course_id`, `student_id`, `grade`) VALUES ('FRAN20', '45', '73');
INSERT INTO `kimsquit`.`grade` (`course_id`, `student_id`, `grade`) VALUES ('FRAN20', '46', '91');
INSERT INTO `kimsquit`.`grade` (`course_id`, `student_id`, `grade`) VALUES ('FRAN20', '47', '71');
INSERT INTO `kimsquit`.`grade` (`course_id`, `student_id`, `grade`) VALUES ('FRAN20', '48', '70');
INSERT INTO `kimsquit`.`grade` (`course_id`, `student_id`, `grade`) VALUES ('FRAN20', '49', '85');
INSERT INTO `kimsquit`.`grade` (`course_id`, `student_id`, `grade`) VALUES ('FRAN20', '50', '88');
INSERT INTO `kimsquit`.`grade` (`course_id`, `student_id`, `grade`) VALUES ('MATH20', '21', '61');
INSERT INTO `kimsquit`.`grade` (`course_id`, `student_id`, `grade`) VALUES ('MATH20', '22', '50');
INSERT INTO `kimsquit`.`grade` (`course_id`, `student_id`, `grade`) VALUES ('MATH20', '23', '76');
INSERT INTO `kimsquit`.`grade` (`course_id`, `student_id`, `grade`) VALUES ('MATH20', '24', '55');
INSERT INTO `kimsquit`.`grade` (`course_id`, `student_id`, `grade`) VALUES ('MATH20', '25', '77');
INSERT INTO `kimsquit`.`grade` (`course_id`, `student_id`, `grade`) VALUES ('MATH20', '26', '54');
INSERT INTO `kimsquit`.`grade` (`course_id`, `student_id`, `grade`) VALUES ('MATH20', '27', '87');
INSERT INTO `kimsquit`.`grade` (`course_id`, `student_id`, `grade`) VALUES ('MATH20', '28', '72');
INSERT INTO `kimsquit`.`grade` (`course_id`, `student_id`, `grade`) VALUES ('MATH20', '29', '64');
INSERT INTO `kimsquit`.`grade` (`course_id`, `student_id`, `grade`) VALUES ('MATH20', '30', '61');
INSERT INTO `kimsquit`.`grade` (`course_id`, `student_id`, `grade`) VALUES ('MATH20', '31', '83');
INSERT INTO `kimsquit`.`grade` (`course_id`, `student_id`, `grade`) VALUES ('MATH20', '32', '61');
INSERT INTO `kimsquit`.`grade` (`course_id`, `student_id`, `grade`) VALUES ('MATH20', '33', '79');
INSERT INTO `kimsquit`.`grade` (`course_id`, `student_id`, `grade`) VALUES ('MATH20', '34', '58');
INSERT INTO `kimsquit`.`grade` (`course_id`, `student_id`, `grade`) VALUES ('MATH20', '35', '72');
INSERT INTO `kimsquit`.`grade` (`course_id`, `student_id`, `grade`) VALUES ('MATH20', '36', '56');
INSERT INTO `kimsquit`.`grade` (`course_id`, `student_id`, `grade`) VALUES ('MATH20', '37', '72');
INSERT INTO `kimsquit`.`grade` (`course_id`, `student_id`, `grade`) VALUES ('MATH20', '38', '53');
INSERT INTO `kimsquit`.`grade` (`course_id`, `student_id`, `grade`) VALUES ('MATH20', '39', '58');
INSERT INTO `kimsquit`.`grade` (`course_id`, `student_id`, `grade`) VALUES ('MATH20', '40', '59');
INSERT INTO `kimsquit`.`grade` (`course_id`, `student_id`, `grade`) VALUES ('MATH20', '41', '50');
INSERT INTO `kimsquit`.`grade` (`course_id`, `student_id`, `grade`) VALUES ('MATH20', '42', '82');
INSERT INTO `kimsquit`.`grade` (`course_id`, `student_id`, `grade`) VALUES ('MATH20', '43', '54');
INSERT INTO `kimsquit`.`grade` (`course_id`, `student_id`, `grade`) VALUES ('MATH20', '44', '92');
INSERT INTO `kimsquit`.`grade` (`course_id`, `student_id`, `grade`) VALUES ('MATH20', '45', '96');
INSERT INTO `kimsquit`.`grade` (`course_id`, `student_id`, `grade`) VALUES ('MATH20', '46', '57');
INSERT INTO `kimsquit`.`grade` (`course_id`, `student_id`, `grade`) VALUES ('MATH20', '47', '64');
INSERT INTO `kimsquit`.`grade` (`course_id`, `student_id`, `grade`) VALUES ('MATH20', '48', '93');
INSERT INTO `kimsquit`.`grade` (`course_id`, `student_id`, `grade`) VALUES ('MATH20', '49', '58');
INSERT INTO `kimsquit`.`grade` (`course_id`, `student_id`, `grade`) VALUES ('MATH20', '50', '98');
INSERT INTO `kimsquit`.`grade` (`course_id`, `student_id`, `grade`) VALUES ('SCIE20', '21', '75');
INSERT INTO `kimsquit`.`grade` (`course_id`, `student_id`, `grade`) VALUES ('SCIE20', '22', '64');
INSERT INTO `kimsquit`.`grade` (`course_id`, `student_id`, `grade`) VALUES ('SCIE20', '23', '70');
INSERT INTO `kimsquit`.`grade` (`course_id`, `student_id`, `grade`) VALUES ('SCIE20', '24', '59');
INSERT INTO `kimsquit`.`grade` (`course_id`, `student_id`, `grade`) VALUES ('SCIE20', '25', '69');
INSERT INTO `kimsquit`.`grade` (`course_id`, `student_id`, `grade`) VALUES ('SCIE20', '26', '72');
INSERT INTO `kimsquit`.`grade` (`course_id`, `student_id`, `grade`) VALUES ('SCIE20', '27', '99');
INSERT INTO `kimsquit`.`grade` (`course_id`, `student_id`, `grade`) VALUES ('SCIE20', '28', '86');
INSERT INTO `kimsquit`.`grade` (`course_id`, `student_id`, `grade`) VALUES ('SCIE20', '29', '68');
INSERT INTO `kimsquit`.`grade` (`course_id`, `student_id`, `grade`) VALUES ('SCIE20', '30', '61');
INSERT INTO `kimsquit`.`grade` (`course_id`, `student_id`, `grade`) VALUES ('SCIE20', '31', '51');
INSERT INTO `kimsquit`.`grade` (`course_id`, `student_id`, `grade`) VALUES ('SCIE20', '32', '97');
INSERT INTO `kimsquit`.`grade` (`course_id`, `student_id`, `grade`) VALUES ('SCIE20', '33', '90');
INSERT INTO `kimsquit`.`grade` (`course_id`, `student_id`, `grade`) VALUES ('SCIE20', '34', '81');
INSERT INTO `kimsquit`.`grade` (`course_id`, `student_id`, `grade`) VALUES ('SCIE20', '35', '78');
INSERT INTO `kimsquit`.`grade` (`course_id`, `student_id`, `grade`) VALUES ('SCIE20', '36', '86');
INSERT INTO `kimsquit`.`grade` (`course_id`, `student_id`, `grade`) VALUES ('SCIE20', '37', '71');
INSERT INTO `kimsquit`.`grade` (`course_id`, `student_id`, `grade`) VALUES ('SCIE20', '38', '86');
INSERT INTO `kimsquit`.`grade` (`course_id`, `student_id`, `grade`) VALUES ('SCIE20', '39', '60');
INSERT INTO `kimsquit`.`grade` (`course_id`, `student_id`, `grade`) VALUES ('SCIE20', '40', '89');
INSERT INTO `kimsquit`.`grade` (`course_id`, `student_id`, `grade`) VALUES ('SCIE20', '41', '67');
INSERT INTO `kimsquit`.`grade` (`course_id`, `student_id`, `grade`) VALUES ('SCIE20', '42', '67');
INSERT INTO `kimsquit`.`grade` (`course_id`, `student_id`, `grade`) VALUES ('SCIE20', '43', '74');
INSERT INTO `kimsquit`.`grade` (`course_id`, `student_id`, `grade`) VALUES ('SCIE20', '44', '79');
INSERT INTO `kimsquit`.`grade` (`course_id`, `student_id`, `grade`) VALUES ('SCIE20', '45', '75');
INSERT INTO `kimsquit`.`grade` (`course_id`, `student_id`, `grade`) VALUES ('SCIE20', '46', '92');
INSERT INTO `kimsquit`.`grade` (`course_id`, `student_id`, `grade`) VALUES ('SCIE20', '47', '69');
INSERT INTO `kimsquit`.`grade` (`course_id`, `student_id`, `grade`) VALUES ('SCIE20', '48', '58');
INSERT INTO `kimsquit`.`grade` (`course_id`, `student_id`, `grade`) VALUES ('SCIE20', '49', '56');
INSERT INTO `kimsquit`.`grade` (`course_id`, `student_id`, `grade`) VALUES ('SCIE20', '50', '96');
INSERT INTO `kimsquit`.`grade` (`course_id`, `student_id`, `grade`) VALUES ('SCIE20', '21', '88');
INSERT INTO `kimsquit`.`grade` (`course_id`, `student_id`, `grade`) VALUES ('SCIE20', '22', '73');
INSERT INTO `kimsquit`.`grade` (`course_id`, `student_id`, `grade`) VALUES ('SCIE20', '23', '59');
INSERT INTO `kimsquit`.`grade` (`course_id`, `student_id`, `grade`) VALUES ('SCIE20', '24', '76');
INSERT INTO `kimsquit`.`grade` (`course_id`, `student_id`, `grade`) VALUES ('SCIE20', '25', '88');
INSERT INTO `kimsquit`.`grade` (`course_id`, `student_id`, `grade`) VALUES ('SCIE20', '26', '79');
INSERT INTO `kimsquit`.`grade` (`course_id`, `student_id`, `grade`) VALUES ('SCIE20', '27', '83');
INSERT INTO `kimsquit`.`grade` (`course_id`, `student_id`, `grade`) VALUES ('SCIE20', '28', '70');
INSERT INTO `kimsquit`.`grade` (`course_id`, `student_id`, `grade`) VALUES ('SCIE20', '29', '65');
INSERT INTO `kimsquit`.`grade` (`course_id`, `student_id`, `grade`) VALUES ('SCIE20', '30', '71');
INSERT INTO `kimsquit`.`grade` (`course_id`, `student_id`, `grade`) VALUES ('SCIE20', '31', '67');
INSERT INTO `kimsquit`.`grade` (`course_id`, `student_id`, `grade`) VALUES ('SCIE20', '32', '70');
INSERT INTO `kimsquit`.`grade` (`course_id`, `student_id`, `grade`) VALUES ('SCIE20', '33', '94');
INSERT INTO `kimsquit`.`grade` (`course_id`, `student_id`, `grade`) VALUES ('SCIE20', '34', '81');
INSERT INTO `kimsquit`.`grade` (`course_id`, `student_id`, `grade`) VALUES ('SCIE20', '35', '76');
INSERT INTO `kimsquit`.`grade` (`course_id`, `student_id`, `grade`) VALUES ('SCIE20', '36', '61');
INSERT INTO `kimsquit`.`grade` (`course_id`, `student_id`, `grade`) VALUES ('SCIE20', '37', '92');
INSERT INTO `kimsquit`.`grade` (`course_id`, `student_id`, `grade`) VALUES ('SCIE20', '38', '57');
INSERT INTO `kimsquit`.`grade` (`course_id`, `student_id`, `grade`) VALUES ('SCIE20', '39', '95');
INSERT INTO `kimsquit`.`grade` (`course_id`, `student_id`, `grade`) VALUES ('SCIE20', '40', '50');
INSERT INTO `kimsquit`.`grade` (`course_id`, `student_id`, `grade`) VALUES ('SCIE20', '41', '54');
INSERT INTO `kimsquit`.`grade` (`course_id`, `student_id`, `grade`) VALUES ('SCIE20', '42', '63');
INSERT INTO `kimsquit`.`grade` (`course_id`, `student_id`, `grade`) VALUES ('SCIE20', '43', '76');
INSERT INTO `kimsquit`.`grade` (`course_id`, `student_id`, `grade`) VALUES ('SCIE20', '44', '67');
INSERT INTO `kimsquit`.`grade` (`course_id`, `student_id`, `grade`) VALUES ('SCIE20', '45', '89');
INSERT INTO `kimsquit`.`grade` (`course_id`, `student_id`, `grade`) VALUES ('SCIE20', '46', '86');
INSERT INTO `kimsquit`.`grade` (`course_id`, `student_id`, `grade`) VALUES ('SCIE20', '47', '79');
INSERT INTO `kimsquit`.`grade` (`course_id`, `student_id`, `grade`) VALUES ('SCIE20', '48', '80');
INSERT INTO `kimsquit`.`grade` (`course_id`, `student_id`, `grade`) VALUES ('SCIE20', '49', '92');
INSERT INTO `kimsquit`.`grade` (`course_id`, `student_id`, `grade`) VALUES ('SCIE20', '50', '84');
INSERT INTO `kimsquit`.`grade` (`course_id`, `student_id`, `grade`) VALUES ('PHED20', '21', '76');
INSERT INTO `kimsquit`.`grade` (`course_id`, `student_id`, `grade`) VALUES ('PHED20', '22', '83');
INSERT INTO `kimsquit`.`grade` (`course_id`, `student_id`, `grade`) VALUES ('PHED20', '23', '83');
INSERT INTO `kimsquit`.`grade` (`course_id`, `student_id`, `grade`) VALUES ('PHED20', '24', '51');
INSERT INTO `kimsquit`.`grade` (`course_id`, `student_id`, `grade`) VALUES ('PHED20', '25', '81');
INSERT INTO `kimsquit`.`grade` (`course_id`, `student_id`, `grade`) VALUES ('PHED20', '26', '81');
INSERT INTO `kimsquit`.`grade` (`course_id`, `student_id`, `grade`) VALUES ('PHED20', '27', '53');
INSERT INTO `kimsquit`.`grade` (`course_id`, `student_id`, `grade`) VALUES ('PHED20', '28', '100');
INSERT INTO `kimsquit`.`grade` (`course_id`, `student_id`, `grade`) VALUES ('PHED20', '29', '83');
INSERT INTO `kimsquit`.`grade` (`course_id`, `student_id`, `grade`) VALUES ('PHED20', '30', '66');
INSERT INTO `kimsquit`.`grade` (`course_id`, `student_id`, `grade`) VALUES ('PHED20', '31', '91');
INSERT INTO `kimsquit`.`grade` (`course_id`, `student_id`, `grade`) VALUES ('PHED20', '32', '66');
INSERT INTO `kimsquit`.`grade` (`course_id`, `student_id`, `grade`) VALUES ('PHED20', '33', '63');
INSERT INTO `kimsquit`.`grade` (`course_id`, `student_id`, `grade`) VALUES ('PHED20', '34', '59');
INSERT INTO `kimsquit`.`grade` (`course_id`, `student_id`, `grade`) VALUES ('PHED20', '35', '50');
INSERT INTO `kimsquit`.`grade` (`course_id`, `student_id`, `grade`) VALUES ('PHED20', '36', '92');
INSERT INTO `kimsquit`.`grade` (`course_id`, `student_id`, `grade`) VALUES ('PHED20', '37', '78');
INSERT INTO `kimsquit`.`grade` (`course_id`, `student_id`, `grade`) VALUES ('PHED20', '38', '68');
INSERT INTO `kimsquit`.`grade` (`course_id`, `student_id`, `grade`) VALUES ('PHED20', '39', '91');
INSERT INTO `kimsquit`.`grade` (`course_id`, `student_id`, `grade`) VALUES ('PHED20', '40', '51');
INSERT INTO `kimsquit`.`grade` (`course_id`, `student_id`, `grade`) VALUES ('PHED20', '41', '54');
INSERT INTO `kimsquit`.`grade` (`course_id`, `student_id`, `grade`) VALUES ('PHED20', '42', '86');
INSERT INTO `kimsquit`.`grade` (`course_id`, `student_id`, `grade`) VALUES ('PHED20', '43', '74');
INSERT INTO `kimsquit`.`grade` (`course_id`, `student_id`, `grade`) VALUES ('PHED20', '44', '86');
INSERT INTO `kimsquit`.`grade` (`course_id`, `student_id`, `grade`) VALUES ('PHED20', '45', '91');
INSERT INTO `kimsquit`.`grade` (`course_id`, `student_id`, `grade`) VALUES ('PHED20', '46', '72');
INSERT INTO `kimsquit`.`grade` (`course_id`, `student_id`, `grade`) VALUES ('PHED20', '47', '76');
INSERT INTO `kimsquit`.`grade` (`course_id`, `student_id`, `grade`) VALUES ('PHED20', '48', '85');
INSERT INTO `kimsquit`.`grade` (`course_id`, `student_id`, `grade`) VALUES ('PHED20', '49', '62');
INSERT INTO `kimsquit`.`grade` (`course_id`, `student_id`, `grade`) VALUES ('PHED20', '50', '50');
INSERT INTO `kimsquit`.`grade` (`course_id`, `student_id`, `grade`) VALUES ('HIST20', '21', '54');
INSERT INTO `kimsquit`.`grade` (`course_id`, `student_id`, `grade`) VALUES ('HIST20', '22', '68');
INSERT INTO `kimsquit`.`grade` (`course_id`, `student_id`, `grade`) VALUES ('HIST20', '23', '94');
INSERT INTO `kimsquit`.`grade` (`course_id`, `student_id`, `grade`) VALUES ('HIST20', '24', '93');
INSERT INTO `kimsquit`.`grade` (`course_id`, `student_id`, `grade`) VALUES ('HIST20', '25', '88');
INSERT INTO `kimsquit`.`grade` (`course_id`, `student_id`, `grade`) VALUES ('HIST20', '26', '85');
INSERT INTO `kimsquit`.`grade` (`course_id`, `student_id`, `grade`) VALUES ('HIST20', '27', '88');
INSERT INTO `kimsquit`.`grade` (`course_id`, `student_id`, `grade`) VALUES ('HIST20', '28', '81');
INSERT INTO `kimsquit`.`grade` (`course_id`, `student_id`, `grade`) VALUES ('HIST20', '29', '72');
INSERT INTO `kimsquit`.`grade` (`course_id`, `student_id`, `grade`) VALUES ('HIST20', '30', '82');
INSERT INTO `kimsquit`.`grade` (`course_id`, `student_id`, `grade`) VALUES ('HIST20', '31', '97');
INSERT INTO `kimsquit`.`grade` (`course_id`, `student_id`, `grade`) VALUES ('HIST20', '32', '63');
INSERT INTO `kimsquit`.`grade` (`course_id`, `student_id`, `grade`) VALUES ('HIST20', '33', '62');
INSERT INTO `kimsquit`.`grade` (`course_id`, `student_id`, `grade`) VALUES ('HIST20', '34', '54');
INSERT INTO `kimsquit`.`grade` (`course_id`, `student_id`, `grade`) VALUES ('HIST20', '35', '63');
INSERT INTO `kimsquit`.`grade` (`course_id`, `student_id`, `grade`) VALUES ('HIST20', '36', '79');
INSERT INTO `kimsquit`.`grade` (`course_id`, `student_id`, `grade`) VALUES ('HIST20', '37', '91');
INSERT INTO `kimsquit`.`grade` (`course_id`, `student_id`, `grade`) VALUES ('HIST20', '38', '50');
INSERT INTO `kimsquit`.`grade` (`course_id`, `student_id`, `grade`) VALUES ('HIST20', '39', '85');
INSERT INTO `kimsquit`.`grade` (`course_id`, `student_id`, `grade`) VALUES ('HIST20', '40', '67');
INSERT INTO `kimsquit`.`grade` (`course_id`, `student_id`, `grade`) VALUES ('HIST20', '41', '56');
INSERT INTO `kimsquit`.`grade` (`course_id`, `student_id`, `grade`) VALUES ('HIST20', '42', '97');
INSERT INTO `kimsquit`.`grade` (`course_id`, `student_id`, `grade`) VALUES ('HIST20', '43', '66');
INSERT INTO `kimsquit`.`grade` (`course_id`, `student_id`, `grade`) VALUES ('HIST20', '44', '69');
INSERT INTO `kimsquit`.`grade` (`course_id`, `student_id`, `grade`) VALUES ('HIST20', '45', '51');
INSERT INTO `kimsquit`.`grade` (`course_id`, `student_id`, `grade`) VALUES ('HIST20', '46', '52');
INSERT INTO `kimsquit`.`grade` (`course_id`, `student_id`, `grade`) VALUES ('HIST20', '47', '95');
INSERT INTO `kimsquit`.`grade` (`course_id`, `student_id`, `grade`) VALUES ('HIST20', '48', '88');
INSERT INTO `kimsquit`.`grade` (`course_id`, `student_id`, `grade`) VALUES ('HIST20', '49', '54');
INSERT INTO `kimsquit`.`grade` (`course_id`, `student_id`, `grade`) VALUES ('HIST20', '50', '83');
INSERT INTO `kimsquit`.`grade` (`course_id`, `student_id`, `grade`) VALUES ('ARTS20', '21', '51');
INSERT INTO `kimsquit`.`grade` (`course_id`, `student_id`, `grade`) VALUES ('ARTS20', '22', '96');
INSERT INTO `kimsquit`.`grade` (`course_id`, `student_id`, `grade`) VALUES ('ARTS20', '23', '81');
INSERT INTO `kimsquit`.`grade` (`course_id`, `student_id`, `grade`) VALUES ('ARTS20', '24', '95');
INSERT INTO `kimsquit`.`grade` (`course_id`, `student_id`, `grade`) VALUES ('ARTS20', '25', '53');
INSERT INTO `kimsquit`.`grade` (`course_id`, `student_id`, `grade`) VALUES ('ARTS20', '26', '94');
INSERT INTO `kimsquit`.`grade` (`course_id`, `student_id`, `grade`) VALUES ('ARTS20', '27', '62');
INSERT INTO `kimsquit`.`grade` (`course_id`, `student_id`, `grade`) VALUES ('ARTS20', '28', '72');
INSERT INTO `kimsquit`.`grade` (`course_id`, `student_id`, `grade`) VALUES ('ARTS20', '29', '99');
INSERT INTO `kimsquit`.`grade` (`course_id`, `student_id`, `grade`) VALUES ('ARTS20', '30', '100');
INSERT INTO `kimsquit`.`grade` (`course_id`, `student_id`, `grade`) VALUES ('ARTS20', '31', '70');
INSERT INTO `kimsquit`.`grade` (`course_id`, `student_id`, `grade`) VALUES ('ARTS20', '32', '79');
INSERT INTO `kimsquit`.`grade` (`course_id`, `student_id`, `grade`) VALUES ('ARTS20', '33', '52');
INSERT INTO `kimsquit`.`grade` (`course_id`, `student_id`, `grade`) VALUES ('ARTS20', '34', '58');
INSERT INTO `kimsquit`.`grade` (`course_id`, `student_id`, `grade`) VALUES ('ARTS20', '35', '94');
INSERT INTO `kimsquit`.`grade` (`course_id`, `student_id`, `grade`) VALUES ('ARTS20', '36', '83');
INSERT INTO `kimsquit`.`grade` (`course_id`, `student_id`, `grade`) VALUES ('ARTS20', '37', '83');
INSERT INTO `kimsquit`.`grade` (`course_id`, `student_id`, `grade`) VALUES ('ARTS20', '38', '78');
INSERT INTO `kimsquit`.`grade` (`course_id`, `student_id`, `grade`) VALUES ('ARTS20', '39', '52');
INSERT INTO `kimsquit`.`grade` (`course_id`, `student_id`, `grade`) VALUES ('ARTS20', '40', '75');
INSERT INTO `kimsquit`.`grade` (`course_id`, `student_id`, `grade`) VALUES ('ARTS20', '41', '93');
INSERT INTO `kimsquit`.`grade` (`course_id`, `student_id`, `grade`) VALUES ('ARTS20', '42', '75');
INSERT INTO `kimsquit`.`grade` (`course_id`, `student_id`, `grade`) VALUES ('ARTS20', '43', '50');
INSERT INTO `kimsquit`.`grade` (`course_id`, `student_id`, `grade`) VALUES ('ARTS20', '44', '100');
INSERT INTO `kimsquit`.`grade` (`course_id`, `student_id`, `grade`) VALUES ('ARTS20', '45', '95');
INSERT INTO `kimsquit`.`grade` (`course_id`, `student_id`, `grade`) VALUES ('ARTS20', '46', '66');
INSERT INTO `kimsquit`.`grade` (`course_id`, `student_id`, `grade`) VALUES ('ARTS20', '47', '58');
INSERT INTO `kimsquit`.`grade` (`course_id`, `student_id`, `grade`) VALUES ('ARTS20', '48', '89');
INSERT INTO `kimsquit`.`grade` (`course_id`, `student_id`, `grade`) VALUES ('ARTS20', '49', '64');
INSERT INTO `kimsquit`.`grade` (`course_id`, `student_id`, `grade`) VALUES ('ARTS20', '50', '64');
INSERT INTO `kimsquit`.`grade` (`course_id`, `student_id`, `grade`) VALUES ('ENGL30', '31', '75');
INSERT INTO `kimsquit`.`grade` (`course_id`, `student_id`, `grade`) VALUES ('ENGL30', '32', '78');
INSERT INTO `kimsquit`.`grade` (`course_id`, `student_id`, `grade`) VALUES ('ENGL30', '33', '71');
INSERT INTO `kimsquit`.`grade` (`course_id`, `student_id`, `grade`) VALUES ('ENGL30', '34', '51');
INSERT INTO `kimsquit`.`grade` (`course_id`, `student_id`, `grade`) VALUES ('ENGL30', '35', '70');
INSERT INTO `kimsquit`.`grade` (`course_id`, `student_id`, `grade`) VALUES ('ENGL30', '36', '85');
INSERT INTO `kimsquit`.`grade` (`course_id`, `student_id`, `grade`) VALUES ('ENGL30', '37', '64');
INSERT INTO `kimsquit`.`grade` (`course_id`, `student_id`, `grade`) VALUES ('ENGL30', '38', '69');
INSERT INTO `kimsquit`.`grade` (`course_id`, `student_id`, `grade`) VALUES ('ENGL30', '39', '82');
INSERT INTO `kimsquit`.`grade` (`course_id`, `student_id`, `grade`) VALUES ('ENGL30', '40', '62');
INSERT INTO `kimsquit`.`grade` (`course_id`, `student_id`, `grade`) VALUES ('ENGL30', '41', '75');
INSERT INTO `kimsquit`.`grade` (`course_id`, `student_id`, `grade`) VALUES ('ENGL30', '42', '65');
INSERT INTO `kimsquit`.`grade` (`course_id`, `student_id`, `grade`) VALUES ('ENGL30', '43', '52');
INSERT INTO `kimsquit`.`grade` (`course_id`, `student_id`, `grade`) VALUES ('ENGL30', '44', '54');
INSERT INTO `kimsquit`.`grade` (`course_id`, `student_id`, `grade`) VALUES ('ENGL30', '45', '90');
INSERT INTO `kimsquit`.`grade` (`course_id`, `student_id`, `grade`) VALUES ('ENGL30', '46', '81');
INSERT INTO `kimsquit`.`grade` (`course_id`, `student_id`, `grade`) VALUES ('ENGL30', '47', '94');
INSERT INTO `kimsquit`.`grade` (`course_id`, `student_id`, `grade`) VALUES ('ENGL30', '48', '57');
INSERT INTO `kimsquit`.`grade` (`course_id`, `student_id`, `grade`) VALUES ('ENGL30', '49', '85');
INSERT INTO `kimsquit`.`grade` (`course_id`, `student_id`, `grade`) VALUES ('ENGL30', '50', '79');
INSERT INTO `kimsquit`.`grade` (`course_id`, `student_id`, `grade`) VALUES ('FRAN30', '31', '70');
INSERT INTO `kimsquit`.`grade` (`course_id`, `student_id`, `grade`) VALUES ('FRAN30', '32', '50');
INSERT INTO `kimsquit`.`grade` (`course_id`, `student_id`, `grade`) VALUES ('FRAN30', '33', '88');
INSERT INTO `kimsquit`.`grade` (`course_id`, `student_id`, `grade`) VALUES ('FRAN30', '34', '85');
INSERT INTO `kimsquit`.`grade` (`course_id`, `student_id`, `grade`) VALUES ('FRAN30', '35', '52');
INSERT INTO `kimsquit`.`grade` (`course_id`, `student_id`, `grade`) VALUES ('FRAN30', '36', '81');
INSERT INTO `kimsquit`.`grade` (`course_id`, `student_id`, `grade`) VALUES ('FRAN30', '37', '57');
INSERT INTO `kimsquit`.`grade` (`course_id`, `student_id`, `grade`) VALUES ('FRAN30', '38', '51');
INSERT INTO `kimsquit`.`grade` (`course_id`, `student_id`, `grade`) VALUES ('FRAN30', '39', '100');
INSERT INTO `kimsquit`.`grade` (`course_id`, `student_id`, `grade`) VALUES ('FRAN30', '40', '58');
INSERT INTO `kimsquit`.`grade` (`course_id`, `student_id`, `grade`) VALUES ('FRAN30', '41', '69');
INSERT INTO `kimsquit`.`grade` (`course_id`, `student_id`, `grade`) VALUES ('FRAN30', '42', '55');
INSERT INTO `kimsquit`.`grade` (`course_id`, `student_id`, `grade`) VALUES ('FRAN30', '43', '62');
INSERT INTO `kimsquit`.`grade` (`course_id`, `student_id`, `grade`) VALUES ('FRAN30', '44', '85');
INSERT INTO `kimsquit`.`grade` (`course_id`, `student_id`, `grade`) VALUES ('FRAN30', '45', '61');
INSERT INTO `kimsquit`.`grade` (`course_id`, `student_id`, `grade`) VALUES ('FRAN30', '46', '54');
INSERT INTO `kimsquit`.`grade` (`course_id`, `student_id`, `grade`) VALUES ('FRAN30', '47', '53');
INSERT INTO `kimsquit`.`grade` (`course_id`, `student_id`, `grade`) VALUES ('FRAN30', '48', '94');
INSERT INTO `kimsquit`.`grade` (`course_id`, `student_id`, `grade`) VALUES ('FRAN30', '49', '57');
INSERT INTO `kimsquit`.`grade` (`course_id`, `student_id`, `grade`) VALUES ('FRAN30', '50', '77');
INSERT INTO `kimsquit`.`grade` (`course_id`, `student_id`, `grade`) VALUES ('MATH30', '31', '52');
INSERT INTO `kimsquit`.`grade` (`course_id`, `student_id`, `grade`) VALUES ('MATH30', '32', '74');
INSERT INTO `kimsquit`.`grade` (`course_id`, `student_id`, `grade`) VALUES ('MATH30', '33', '61');
INSERT INTO `kimsquit`.`grade` (`course_id`, `student_id`, `grade`) VALUES ('MATH30', '34', '54');
INSERT INTO `kimsquit`.`grade` (`course_id`, `student_id`, `grade`) VALUES ('MATH30', '35', '74');
INSERT INTO `kimsquit`.`grade` (`course_id`, `student_id`, `grade`) VALUES ('MATH30', '36', '76');
INSERT INTO `kimsquit`.`grade` (`course_id`, `student_id`, `grade`) VALUES ('MATH30', '37', '81');
INSERT INTO `kimsquit`.`grade` (`course_id`, `student_id`, `grade`) VALUES ('MATH30', '38', '80');
INSERT INTO `kimsquit`.`grade` (`course_id`, `student_id`, `grade`) VALUES ('MATH30', '39', '97');
INSERT INTO `kimsquit`.`grade` (`course_id`, `student_id`, `grade`) VALUES ('MATH30', '40', '99');
INSERT INTO `kimsquit`.`grade` (`course_id`, `student_id`, `grade`) VALUES ('MATH30', '41', '82');
INSERT INTO `kimsquit`.`grade` (`course_id`, `student_id`, `grade`) VALUES ('MATH30', '42', '72');
INSERT INTO `kimsquit`.`grade` (`course_id`, `student_id`, `grade`) VALUES ('MATH30', '43', '67');
INSERT INTO `kimsquit`.`grade` (`course_id`, `student_id`, `grade`) VALUES ('MATH30', '44', '55');
INSERT INTO `kimsquit`.`grade` (`course_id`, `student_id`, `grade`) VALUES ('MATH30', '45', '74');
INSERT INTO `kimsquit`.`grade` (`course_id`, `student_id`, `grade`) VALUES ('MATH30', '46', '94');
INSERT INTO `kimsquit`.`grade` (`course_id`, `student_id`, `grade`) VALUES ('MATH30', '47', '53');
INSERT INTO `kimsquit`.`grade` (`course_id`, `student_id`, `grade`) VALUES ('MATH30', '48', '83');
INSERT INTO `kimsquit`.`grade` (`course_id`, `student_id`, `grade`) VALUES ('MATH30', '49', '53');
INSERT INTO `kimsquit`.`grade` (`course_id`, `student_id`, `grade`) VALUES ('MATH30', '50', '81');
INSERT INTO `kimsquit`.`grade` (`course_id`, `student_id`, `grade`) VALUES ('SCIE30', '31', '84');
INSERT INTO `kimsquit`.`grade` (`course_id`, `student_id`, `grade`) VALUES ('SCIE30', '32', '87');
INSERT INTO `kimsquit`.`grade` (`course_id`, `student_id`, `grade`) VALUES ('SCIE30', '33', '91');
INSERT INTO `kimsquit`.`grade` (`course_id`, `student_id`, `grade`) VALUES ('SCIE30', '34', '100');
INSERT INTO `kimsquit`.`grade` (`course_id`, `student_id`, `grade`) VALUES ('SCIE30', '35', '98');
INSERT INTO `kimsquit`.`grade` (`course_id`, `student_id`, `grade`) VALUES ('SCIE30', '36', '92');
INSERT INTO `kimsquit`.`grade` (`course_id`, `student_id`, `grade`) VALUES ('SCIE30', '37', '87');
INSERT INTO `kimsquit`.`grade` (`course_id`, `student_id`, `grade`) VALUES ('SCIE30', '38', '93');
INSERT INTO `kimsquit`.`grade` (`course_id`, `student_id`, `grade`) VALUES ('SCIE30', '39', '98');
INSERT INTO `kimsquit`.`grade` (`course_id`, `student_id`, `grade`) VALUES ('SCIE30', '40', '82');
INSERT INTO `kimsquit`.`grade` (`course_id`, `student_id`, `grade`) VALUES ('SCIE30', '41', '61');
INSERT INTO `kimsquit`.`grade` (`course_id`, `student_id`, `grade`) VALUES ('SCIE30', '42', '65');
INSERT INTO `kimsquit`.`grade` (`course_id`, `student_id`, `grade`) VALUES ('SCIE30', '43', '54');
INSERT INTO `kimsquit`.`grade` (`course_id`, `student_id`, `grade`) VALUES ('SCIE30', '44', '88');
INSERT INTO `kimsquit`.`grade` (`course_id`, `student_id`, `grade`) VALUES ('SCIE30', '45', '54');
INSERT INTO `kimsquit`.`grade` (`course_id`, `student_id`, `grade`) VALUES ('SCIE30', '46', '74');
INSERT INTO `kimsquit`.`grade` (`course_id`, `student_id`, `grade`) VALUES ('SCIE30', '47', '57');
INSERT INTO `kimsquit`.`grade` (`course_id`, `student_id`, `grade`) VALUES ('SCIE30', '48', '73');
INSERT INTO `kimsquit`.`grade` (`course_id`, `student_id`, `grade`) VALUES ('SCIE30', '49', '63');
INSERT INTO `kimsquit`.`grade` (`course_id`, `student_id`, `grade`) VALUES ('SCIE30', '50', '73');
INSERT INTO `kimsquit`.`grade` (`course_id`, `student_id`, `grade`) VALUES ('PHED30', '31', '66');
INSERT INTO `kimsquit`.`grade` (`course_id`, `student_id`, `grade`) VALUES ('PHED30', '32', '55');
INSERT INTO `kimsquit`.`grade` (`course_id`, `student_id`, `grade`) VALUES ('PHED30', '33', '87');
INSERT INTO `kimsquit`.`grade` (`course_id`, `student_id`, `grade`) VALUES ('PHED30', '34', '60');
INSERT INTO `kimsquit`.`grade` (`course_id`, `student_id`, `grade`) VALUES ('PHED30', '35', '58');
INSERT INTO `kimsquit`.`grade` (`course_id`, `student_id`, `grade`) VALUES ('PHED30', '36', '86');
INSERT INTO `kimsquit`.`grade` (`course_id`, `student_id`, `grade`) VALUES ('PHED30', '37', '74');
INSERT INTO `kimsquit`.`grade` (`course_id`, `student_id`, `grade`) VALUES ('PHED30', '38', '71');
INSERT INTO `kimsquit`.`grade` (`course_id`, `student_id`, `grade`) VALUES ('PHED30', '39', '77');
INSERT INTO `kimsquit`.`grade` (`course_id`, `student_id`, `grade`) VALUES ('PHED30', '40', '73');
INSERT INTO `kimsquit`.`grade` (`course_id`, `student_id`, `grade`) VALUES ('PHED30', '41', '66');
INSERT INTO `kimsquit`.`grade` (`course_id`, `student_id`, `grade`) VALUES ('PHED30', '42', '85');
INSERT INTO `kimsquit`.`grade` (`course_id`, `student_id`, `grade`) VALUES ('PHED30', '43', '93');
INSERT INTO `kimsquit`.`grade` (`course_id`, `student_id`, `grade`) VALUES ('PHED30', '44', '59');
INSERT INTO `kimsquit`.`grade` (`course_id`, `student_id`, `grade`) VALUES ('PHED30', '45', '55');
INSERT INTO `kimsquit`.`grade` (`course_id`, `student_id`, `grade`) VALUES ('PHED30', '46', '77');
INSERT INTO `kimsquit`.`grade` (`course_id`, `student_id`, `grade`) VALUES ('PHED30', '47', '68');
INSERT INTO `kimsquit`.`grade` (`course_id`, `student_id`, `grade`) VALUES ('PHED30', '48', '80');
INSERT INTO `kimsquit`.`grade` (`course_id`, `student_id`, `grade`) VALUES ('PHED30', '49', '56');
INSERT INTO `kimsquit`.`grade` (`course_id`, `student_id`, `grade`) VALUES ('PHED30', '50', '73');
INSERT INTO `kimsquit`.`grade` (`course_id`, `student_id`, `grade`) VALUES ('HIST30', '31', '96');
INSERT INTO `kimsquit`.`grade` (`course_id`, `student_id`, `grade`) VALUES ('HIST30', '32', '69');
INSERT INTO `kimsquit`.`grade` (`course_id`, `student_id`, `grade`) VALUES ('HIST30', '33', '79');
INSERT INTO `kimsquit`.`grade` (`course_id`, `student_id`, `grade`) VALUES ('HIST30', '34', '53');
INSERT INTO `kimsquit`.`grade` (`course_id`, `student_id`, `grade`) VALUES ('HIST30', '35', '83');
INSERT INTO `kimsquit`.`grade` (`course_id`, `student_id`, `grade`) VALUES ('HIST30', '36', '62');
INSERT INTO `kimsquit`.`grade` (`course_id`, `student_id`, `grade`) VALUES ('HIST30', '37', '78');
INSERT INTO `kimsquit`.`grade` (`course_id`, `student_id`, `grade`) VALUES ('HIST30', '38', '98');
INSERT INTO `kimsquit`.`grade` (`course_id`, `student_id`, `grade`) VALUES ('HIST30', '39', '78');
INSERT INTO `kimsquit`.`grade` (`course_id`, `student_id`, `grade`) VALUES ('HIST30', '40', '62');
INSERT INTO `kimsquit`.`grade` (`course_id`, `student_id`, `grade`) VALUES ('HIST30', '41', '59');
INSERT INTO `kimsquit`.`grade` (`course_id`, `student_id`, `grade`) VALUES ('HIST30', '42', '54');
INSERT INTO `kimsquit`.`grade` (`course_id`, `student_id`, `grade`) VALUES ('HIST30', '43', '90');
INSERT INTO `kimsquit`.`grade` (`course_id`, `student_id`, `grade`) VALUES ('HIST30', '44', '63');
INSERT INTO `kimsquit`.`grade` (`course_id`, `student_id`, `grade`) VALUES ('HIST30', '45', '100');
INSERT INTO `kimsquit`.`grade` (`course_id`, `student_id`, `grade`) VALUES ('HIST30', '46', '83');
INSERT INTO `kimsquit`.`grade` (`course_id`, `student_id`, `grade`) VALUES ('HIST30', '47', '87');
INSERT INTO `kimsquit`.`grade` (`course_id`, `student_id`, `grade`) VALUES ('HIST30', '48', '75');
INSERT INTO `kimsquit`.`grade` (`course_id`, `student_id`, `grade`) VALUES ('HIST30', '49', '66');
INSERT INTO `kimsquit`.`grade` (`course_id`, `student_id`, `grade`) VALUES ('HIST30', '50', '89');
INSERT INTO `kimsquit`.`grade` (`course_id`, `student_id`, `grade`) VALUES ('ARTS30', '31', '87');
INSERT INTO `kimsquit`.`grade` (`course_id`, `student_id`, `grade`) VALUES ('ARTS30', '32', '86');
INSERT INTO `kimsquit`.`grade` (`course_id`, `student_id`, `grade`) VALUES ('ARTS30', '33', '56');
INSERT INTO `kimsquit`.`grade` (`course_id`, `student_id`, `grade`) VALUES ('ARTS30', '34', '89');
INSERT INTO `kimsquit`.`grade` (`course_id`, `student_id`, `grade`) VALUES ('ARTS30', '35', '68');
INSERT INTO `kimsquit`.`grade` (`course_id`, `student_id`, `grade`) VALUES ('ARTS30', '36', '93');
INSERT INTO `kimsquit`.`grade` (`course_id`, `student_id`, `grade`) VALUES ('ARTS30', '37', '85');
INSERT INTO `kimsquit`.`grade` (`course_id`, `student_id`, `grade`) VALUES ('ARTS30', '38', '62');
INSERT INTO `kimsquit`.`grade` (`course_id`, `student_id`, `grade`) VALUES ('ARTS30', '39', '78');
INSERT INTO `kimsquit`.`grade` (`course_id`, `student_id`, `grade`) VALUES ('ARTS30', '40', '75');
INSERT INTO `kimsquit`.`grade` (`course_id`, `student_id`, `grade`) VALUES ('ARTS30', '41', '85');
INSERT INTO `kimsquit`.`grade` (`course_id`, `student_id`, `grade`) VALUES ('ARTS30', '42', '82');
INSERT INTO `kimsquit`.`grade` (`course_id`, `student_id`, `grade`) VALUES ('ARTS30', '43', '50');
INSERT INTO `kimsquit`.`grade` (`course_id`, `student_id`, `grade`) VALUES ('ARTS30', '44', '62');
INSERT INTO `kimsquit`.`grade` (`course_id`, `student_id`, `grade`) VALUES ('ARTS30', '45', '72');
INSERT INTO `kimsquit`.`grade` (`course_id`, `student_id`, `grade`) VALUES ('ARTS30', '46', '90');
INSERT INTO `kimsquit`.`grade` (`course_id`, `student_id`, `grade`) VALUES ('ARTS30', '47', '77');
INSERT INTO `kimsquit`.`grade` (`course_id`, `student_id`, `grade`) VALUES ('ARTS30', '48', '70');
INSERT INTO `kimsquit`.`grade` (`course_id`, `student_id`, `grade`) VALUES ('ARTS30', '49', '63');
INSERT INTO `kimsquit`.`grade` (`course_id`, `student_id`, `grade`) VALUES ('ARTS30', '50', '78');
INSERT INTO `kimsquit`.`grade` (`course_id`, `student_id`, `grade`) VALUES ('ENGL40', '41', '78');
INSERT INTO `kimsquit`.`grade` (`course_id`, `student_id`, `grade`) VALUES ('ENGL40', '42', '84');
INSERT INTO `kimsquit`.`grade` (`course_id`, `student_id`, `grade`) VALUES ('ENGL40', '43', '51');
INSERT INTO `kimsquit`.`grade` (`course_id`, `student_id`, `grade`) VALUES ('ENGL40', '44', '61');
INSERT INTO `kimsquit`.`grade` (`course_id`, `student_id`, `grade`) VALUES ('ENGL40', '45', '70');
INSERT INTO `kimsquit`.`grade` (`course_id`, `student_id`, `grade`) VALUES ('ENGL40', '46', '83');
INSERT INTO `kimsquit`.`grade` (`course_id`, `student_id`, `grade`) VALUES ('ENGL40', '47', '83');
INSERT INTO `kimsquit`.`grade` (`course_id`, `student_id`, `grade`) VALUES ('ENGL40', '48', '69');
INSERT INTO `kimsquit`.`grade` (`course_id`, `student_id`, `grade`) VALUES ('ENGL40', '49', '61');
INSERT INTO `kimsquit`.`grade` (`course_id`, `student_id`, `grade`) VALUES ('ENGL40', '50', '77');
INSERT INTO `kimsquit`.`grade` (`course_id`, `student_id`, `grade`) VALUES ('FRAN40', '41', '82');
INSERT INTO `kimsquit`.`grade` (`course_id`, `student_id`, `grade`) VALUES ('FRAN40', '42', '63');
INSERT INTO `kimsquit`.`grade` (`course_id`, `student_id`, `grade`) VALUES ('FRAN40', '43', '95');
INSERT INTO `kimsquit`.`grade` (`course_id`, `student_id`, `grade`) VALUES ('FRAN40', '44', '80');
INSERT INTO `kimsquit`.`grade` (`course_id`, `student_id`, `grade`) VALUES ('FRAN40', '45', '98');
INSERT INTO `kimsquit`.`grade` (`course_id`, `student_id`, `grade`) VALUES ('FRAN40', '46', '76');
INSERT INTO `kimsquit`.`grade` (`course_id`, `student_id`, `grade`) VALUES ('FRAN40', '47', '84');
INSERT INTO `kimsquit`.`grade` (`course_id`, `student_id`, `grade`) VALUES ('FRAN40', '48', '53');
INSERT INTO `kimsquit`.`grade` (`course_id`, `student_id`, `grade`) VALUES ('FRAN40', '49', '94');
INSERT INTO `kimsquit`.`grade` (`course_id`, `student_id`, `grade`) VALUES ('FRAN40', '50', '82');
INSERT INTO `kimsquit`.`grade` (`course_id`, `student_id`, `grade`) VALUES ('MATH40', '41', '56');
INSERT INTO `kimsquit`.`grade` (`course_id`, `student_id`, `grade`) VALUES ('MATH40', '42', '89');
INSERT INTO `kimsquit`.`grade` (`course_id`, `student_id`, `grade`) VALUES ('MATH40', '43', '59');
INSERT INTO `kimsquit`.`grade` (`course_id`, `student_id`, `grade`) VALUES ('MATH40', '44', '62');
INSERT INTO `kimsquit`.`grade` (`course_id`, `student_id`, `grade`) VALUES ('MATH40', '45', '65');
INSERT INTO `kimsquit`.`grade` (`course_id`, `student_id`, `grade`) VALUES ('MATH41', '46', '83');
INSERT INTO `kimsquit`.`grade` (`course_id`, `student_id`, `grade`) VALUES ('MATH41', '47', '76');
INSERT INTO `kimsquit`.`grade` (`course_id`, `student_id`, `grade`) VALUES ('MATH41', '48', '55');
INSERT INTO `kimsquit`.`grade` (`course_id`, `student_id`, `grade`) VALUES ('MATH41', '49', '60');
INSERT INTO `kimsquit`.`grade` (`course_id`, `student_id`, `grade`) VALUES ('MATH41', '50', '84');
INSERT INTO `kimsquit`.`grade` (`course_id`, `student_id`, `grade`) VALUES ('SCIE40', '41', '64');
INSERT INTO `kimsquit`.`grade` (`course_id`, `student_id`, `grade`) VALUES ('SCIE40', '42', '94');
INSERT INTO `kimsquit`.`grade` (`course_id`, `student_id`, `grade`) VALUES ('SCIE40', '43', '95');
INSERT INTO `kimsquit`.`grade` (`course_id`, `student_id`, `grade`) VALUES ('SCIE40', '44', '65');
INSERT INTO `kimsquit`.`grade` (`course_id`, `student_id`, `grade`) VALUES ('SCIE40', '45', '69');
INSERT INTO `kimsquit`.`grade` (`course_id`, `student_id`, `grade`) VALUES ('SCIE40', '46', '79');
INSERT INTO `kimsquit`.`grade` (`course_id`, `student_id`, `grade`) VALUES ('SCIE40', '47', '50');
INSERT INTO `kimsquit`.`grade` (`course_id`, `student_id`, `grade`) VALUES ('SCIE40', '48', '52');
INSERT INTO `kimsquit`.`grade` (`course_id`, `student_id`, `grade`) VALUES ('SCIE40', '49', '89');
INSERT INTO `kimsquit`.`grade` (`course_id`, `student_id`, `grade`) VALUES ('SCIE40', '50', '83');
INSERT INTO `kimsquit`.`grade` (`course_id`, `student_id`, `grade`) VALUES ('PHED40', '41', '99');
INSERT INTO `kimsquit`.`grade` (`course_id`, `student_id`, `grade`) VALUES ('PHED40', '42', '94');
INSERT INTO `kimsquit`.`grade` (`course_id`, `student_id`, `grade`) VALUES ('PHED40', '43', '77');
INSERT INTO `kimsquit`.`grade` (`course_id`, `student_id`, `grade`) VALUES ('PHED40', '44', '55');
INSERT INTO `kimsquit`.`grade` (`course_id`, `student_id`, `grade`) VALUES ('PHED40', '45', '73');
INSERT INTO `kimsquit`.`grade` (`course_id`, `student_id`, `grade`) VALUES ('PHED40', '46', '65');
INSERT INTO `kimsquit`.`grade` (`course_id`, `student_id`, `grade`) VALUES ('PHED40', '47', '70');
INSERT INTO `kimsquit`.`grade` (`course_id`, `student_id`, `grade`) VALUES ('PHED40', '48', '93');
INSERT INTO `kimsquit`.`grade` (`course_id`, `student_id`, `grade`) VALUES ('PHED40', '49', '94');
INSERT INTO `kimsquit`.`grade` (`course_id`, `student_id`, `grade`) VALUES ('PHED40', '50', '76');
INSERT INTO `kimsquit`.`grade` (`course_id`, `student_id`, `grade`) VALUES ('HIST40', '41', '80');
INSERT INTO `kimsquit`.`grade` (`course_id`, `student_id`, `grade`) VALUES ('HIST40', '42', '66');
INSERT INTO `kimsquit`.`grade` (`course_id`, `student_id`, `grade`) VALUES ('HIST40', '43', '54');
INSERT INTO `kimsquit`.`grade` (`course_id`, `student_id`, `grade`) VALUES ('HIST40', '44', '76');
INSERT INTO `kimsquit`.`grade` (`course_id`, `student_id`, `grade`) VALUES ('HIST40', '45', '75');
INSERT INTO `kimsquit`.`grade` (`course_id`, `student_id`, `grade`) VALUES ('HIST40', '46', '54');
INSERT INTO `kimsquit`.`grade` (`course_id`, `student_id`, `grade`) VALUES ('HIST40', '47', '65');
INSERT INTO `kimsquit`.`grade` (`course_id`, `student_id`, `grade`) VALUES ('HIST40', '48', '57');
INSERT INTO `kimsquit`.`grade` (`course_id`, `student_id`, `grade`) VALUES ('HIST40', '49', '80');
INSERT INTO `kimsquit`.`grade` (`course_id`, `student_id`, `grade`) VALUES ('HIST40', '50', '87');
INSERT INTO `kimsquit`.`grade` (`course_id`, `student_id`, `grade`) VALUES ('ARTS40', '41', '65');
INSERT INTO `kimsquit`.`grade` (`course_id`, `student_id`, `grade`) VALUES ('ARTS40', '42', '60');
INSERT INTO `kimsquit`.`grade` (`course_id`, `student_id`, `grade`) VALUES ('ARTS40', '43', '94');
INSERT INTO `kimsquit`.`grade` (`course_id`, `student_id`, `grade`) VALUES ('ARTS40', '44', '54');
INSERT INTO `kimsquit`.`grade` (`course_id`, `student_id`, `grade`) VALUES ('ARTS40', '45', '89');
INSERT INTO `kimsquit`.`grade` (`course_id`, `student_id`, `grade`) VALUES ('ARTS40', '46', '88');
INSERT INTO `kimsquit`.`grade` (`course_id`, `student_id`, `grade`) VALUES ('ARTS40', '47', '94');
INSERT INTO `kimsquit`.`grade` (`course_id`, `student_id`, `grade`) VALUES ('ARTS40', '48', '91');
INSERT INTO `kimsquit`.`grade` (`course_id`, `student_id`, `grade`) VALUES ('ARTS40', '49', '70');
INSERT INTO `kimsquit`.`grade` (`course_id`, `student_id`, `grade`) VALUES ('ARTS40', '50', '77');
INSERT INTO `kimsquit`.`grade` (`course_id`, `student_id`, `grade`) VALUES ('ENGL10', '1', '61');
INSERT INTO `kimsquit`.`grade` (`course_id`, `student_id`, `grade`) VALUES ('ENGL10', '2', '82');
INSERT INTO `kimsquit`.`grade` (`course_id`, `student_id`, `grade`) VALUES ('ENGL10', '3', '51');
INSERT INTO `kimsquit`.`grade` (`course_id`, `student_id`, `grade`) VALUES ('ENGL10', '4', '54');
INSERT INTO `kimsquit`.`grade` (`course_id`, `student_id`, `grade`) VALUES ('ENGL10', '5', '69');
INSERT INTO `kimsquit`.`grade` (`course_id`, `student_id`, `grade`) VALUES ('ENGL10', '6', '55');
INSERT INTO `kimsquit`.`grade` (`course_id`, `student_id`, `grade`) VALUES ('ENGL10', '7', '83');
INSERT INTO `kimsquit`.`grade` (`course_id`, `student_id`, `grade`) VALUES ('ENGL10', '8', '56');
INSERT INTO `kimsquit`.`grade` (`course_id`, `student_id`, `grade`) VALUES ('ENGL10', '9', '95');
INSERT INTO `kimsquit`.`grade` (`course_id`, `student_id`, `grade`) VALUES ('ENGL10', '10', '94');
INSERT INTO `kimsquit`.`grade` (`course_id`, `student_id`, `grade`) VALUES ('MATH10', '1', '62');
INSERT INTO `kimsquit`.`grade` (`course_id`, `student_id`, `grade`) VALUES ('MATH10', '2', '92');
INSERT INTO `kimsquit`.`grade` (`course_id`, `student_id`, `grade`) VALUES ('MATH10', '3', '87');
INSERT INTO `kimsquit`.`grade` (`course_id`, `student_id`, `grade`) VALUES ('MATH10', '4', '76');
INSERT INTO `kimsquit`.`grade` (`course_id`, `student_id`, `grade`) VALUES ('MATH10', '5', '77');
INSERT INTO `kimsquit`.`grade` (`course_id`, `student_id`, `grade`) VALUES ('MATH10', '6', '74');
INSERT INTO `kimsquit`.`grade` (`course_id`, `student_id`, `grade`) VALUES ('MATH10', '7', '66');
INSERT INTO `kimsquit`.`grade` (`course_id`, `student_id`, `grade`) VALUES ('MATH10', '8', '60');
INSERT INTO `kimsquit`.`grade` (`course_id`, `student_id`, `grade`) VALUES ('MATH10', '9', '54');
INSERT INTO `kimsquit`.`grade` (`course_id`, `student_id`, `grade`) VALUES ('MATH10', '10', '95');
INSERT INTO `kimsquit`.`grade` (`course_id`, `student_id`, `grade`) VALUES ('SCIE10', '1', '77');
INSERT INTO `kimsquit`.`grade` (`course_id`, `student_id`, `grade`) VALUES ('SCIE10', '2', '79');
INSERT INTO `kimsquit`.`grade` (`course_id`, `student_id`, `grade`) VALUES ('SCIE10', '3', '60');
INSERT INTO `kimsquit`.`grade` (`course_id`, `student_id`, `grade`) VALUES ('SCIE10', '4', '84');
INSERT INTO `kimsquit`.`grade` (`course_id`, `student_id`, `grade`) VALUES ('SCIE10', '5', '86');
INSERT INTO `kimsquit`.`grade` (`course_id`, `student_id`, `grade`) VALUES ('SCIE10', '6', '86');
INSERT INTO `kimsquit`.`grade` (`course_id`, `student_id`, `grade`) VALUES ('SCIE10', '7', '70');
INSERT INTO `kimsquit`.`grade` (`course_id`, `student_id`, `grade`) VALUES ('SCIE10', '8', '68');
INSERT INTO `kimsquit`.`grade` (`course_id`, `student_id`, `grade`) VALUES ('SCIE10', '9', '74');
INSERT INTO `kimsquit`.`grade` (`course_id`, `student_id`, `grade`) VALUES ('SCIE10', '10', '54');
INSERT INTO `kimsquit`.`grade` (`course_id`, `student_id`, `grade`) VALUES ('PHED10', '1', '84');
INSERT INTO `kimsquit`.`grade` (`course_id`, `student_id`, `grade`) VALUES ('PHED10', '2', '99');
INSERT INTO `kimsquit`.`grade` (`course_id`, `student_id`, `grade`) VALUES ('PHED10', '3', '98');
INSERT INTO `kimsquit`.`grade` (`course_id`, `student_id`, `grade`) VALUES ('PHED10', '4', '68');
INSERT INTO `kimsquit`.`grade` (`course_id`, `student_id`, `grade`) VALUES ('PHED10', '5', '66');
INSERT INTO `kimsquit`.`grade` (`course_id`, `student_id`, `grade`) VALUES ('PHED10', '6', '98');
INSERT INTO `kimsquit`.`grade` (`course_id`, `student_id`, `grade`) VALUES ('PHED10', '7', '79');
INSERT INTO `kimsquit`.`grade` (`course_id`, `student_id`, `grade`) VALUES ('PHED10', '8', '77');
INSERT INTO `kimsquit`.`grade` (`course_id`, `student_id`, `grade`) VALUES ('PHED10', '9', '87');
INSERT INTO `kimsquit`.`grade` (`course_id`, `student_id`, `grade`) VALUES ('PHED10', '10', '53');
INSERT INTO `kimsquit`.`grade` (`course_id`, `student_id`, `grade`) VALUES ('HIST10', '1', '95');
INSERT INTO `kimsquit`.`grade` (`course_id`, `student_id`, `grade`) VALUES ('HIST10', '2', '99');
INSERT INTO `kimsquit`.`grade` (`course_id`, `student_id`, `grade`) VALUES ('HIST10', '3', '75');
INSERT INTO `kimsquit`.`grade` (`course_id`, `student_id`, `grade`) VALUES ('HIST10', '4', '50');
INSERT INTO `kimsquit`.`grade` (`course_id`, `student_id`, `grade`) VALUES ('HIST10', '5', '98');
INSERT INTO `kimsquit`.`grade` (`course_id`, `student_id`, `grade`) VALUES ('HIST10', '6', '83');
INSERT INTO `kimsquit`.`grade` (`course_id`, `student_id`, `grade`) VALUES ('HIST10', '7', '66');
INSERT INTO `kimsquit`.`grade` (`course_id`, `student_id`, `grade`) VALUES ('HIST10', '8', '52');
INSERT INTO `kimsquit`.`grade` (`course_id`, `student_id`, `grade`) VALUES ('HIST10', '9', '72');
INSERT INTO `kimsquit`.`grade` (`course_id`, `student_id`, `grade`) VALUES ('HIST10', '10', '64');
INSERT INTO `kimsquit`.`grade` (`course_id`, `student_id`, `grade`) VALUES ('ARTS10', '1', '62');
INSERT INTO `kimsquit`.`grade` (`course_id`, `student_id`, `grade`) VALUES ('ARTS10', '2', '77');
INSERT INTO `kimsquit`.`grade` (`course_id`, `student_id`, `grade`) VALUES ('ARTS10', '3', '85');
INSERT INTO `kimsquit`.`grade` (`course_id`, `student_id`, `grade`) VALUES ('ARTS10', '4', '90');
INSERT INTO `kimsquit`.`grade` (`course_id`, `student_id`, `grade`) VALUES ('ARTS10', '5', '57');
INSERT INTO `kimsquit`.`grade` (`course_id`, `student_id`, `grade`) VALUES ('ARTS10', '6', '67');
INSERT INTO `kimsquit`.`grade` (`course_id`, `student_id`, `grade`) VALUES ('ARTS10', '7', '52');
INSERT INTO `kimsquit`.`grade` (`course_id`, `student_id`, `grade`) VALUES ('ARTS10', '8', '94');
INSERT INTO `kimsquit`.`grade` (`course_id`, `student_id`, `grade`) VALUES ('ARTS10', '9', '53');
INSERT INTO `kimsquit`.`grade` (`course_id`, `student_id`, `grade`) VALUES ('ARTS10', '10', '81');
INSERT INTO `kimsquit`.`grade` (`course_id`, `student_id`, `grade`) VALUES ('ENGL50', '41', '78');
INSERT INTO `kimsquit`.`grade` (`course_id`, `student_id`, `grade`) VALUES ('ENGL50', '42', '54');
INSERT INTO `kimsquit`.`grade` (`course_id`, `student_id`, `grade`) VALUES ('ENGL50', '43', '75');
INSERT INTO `kimsquit`.`grade` (`course_id`, `student_id`, `grade`) VALUES ('ENGL50', '44', '52');
INSERT INTO `kimsquit`.`grade` (`course_id`, `student_id`, `grade`) VALUES ('ENGL50', '45', '95');
INSERT INTO `kimsquit`.`grade` (`course_id`, `student_id`, `grade`) VALUES ('ENGL50', '46', '55');
INSERT INTO `kimsquit`.`grade` (`course_id`, `student_id`, `grade`) VALUES ('ENGL50', '47', '60');
INSERT INTO `kimsquit`.`grade` (`course_id`, `student_id`, `grade`) VALUES ('ENGL50', '48', '78');
INSERT INTO `kimsquit`.`grade` (`course_id`, `student_id`, `grade`) VALUES ('ENGL50', '49', '77');
INSERT INTO `kimsquit`.`grade` (`course_id`, `student_id`, `grade`) VALUES ('ENGL50', '50', '54');
INSERT INTO `kimsquit`.`grade` (`course_id`, `student_id`, `grade`) VALUES ('FRAN50', '41', '68');
INSERT INTO `kimsquit`.`grade` (`course_id`, `student_id`, `grade`) VALUES ('FRAN50', '42', '75');
INSERT INTO `kimsquit`.`grade` (`course_id`, `student_id`, `grade`) VALUES ('FRAN50', '43', '75');
INSERT INTO `kimsquit`.`grade` (`course_id`, `student_id`, `grade`) VALUES ('FRAN50', '44', '97');
INSERT INTO `kimsquit`.`grade` (`course_id`, `student_id`, `grade`) VALUES ('FRAN50', '45', '91');
INSERT INTO `kimsquit`.`grade` (`course_id`, `student_id`, `grade`) VALUES ('FRAN50', '46', '88');
INSERT INTO `kimsquit`.`grade` (`course_id`, `student_id`, `grade`) VALUES ('FRAN50', '47', '96');
INSERT INTO `kimsquit`.`grade` (`course_id`, `student_id`, `grade`) VALUES ('FRAN50', '48', '51');
INSERT INTO `kimsquit`.`grade` (`course_id`, `student_id`, `grade`) VALUES ('FRAN50', '49', '65');
INSERT INTO `kimsquit`.`grade` (`course_id`, `student_id`, `grade`) VALUES ('FRAN50', '50', '87');
INSERT INTO `kimsquit`.`grade` (`course_id`, `student_id`, `grade`) VALUES ('MATH50', '41', '100');
INSERT INTO `kimsquit`.`grade` (`course_id`, `student_id`, `grade`) VALUES ('MATH50', '42', '54');
INSERT INTO `kimsquit`.`grade` (`course_id`, `student_id`, `grade`) VALUES ('MATH50', '43', '55');
INSERT INTO `kimsquit`.`grade` (`course_id`, `student_id`, `grade`) VALUES ('MATH50', '44', '69');
INSERT INTO `kimsquit`.`grade` (`course_id`, `student_id`, `grade`) VALUES ('MATH50', '45', '52');
INSERT INTO `kimsquit`.`grade` (`course_id`, `student_id`, `grade`) VALUES ('MATH51', '46', '58');
INSERT INTO `kimsquit`.`grade` (`course_id`, `student_id`, `grade`) VALUES ('MATH51', '47', '76');
INSERT INTO `kimsquit`.`grade` (`course_id`, `student_id`, `grade`) VALUES ('MATH51', '48', '72');
INSERT INTO `kimsquit`.`grade` (`course_id`, `student_id`, `grade`) VALUES ('MATH51', '49', '98');
INSERT INTO `kimsquit`.`grade` (`course_id`, `student_id`, `grade`) VALUES ('MATH51', '50', '87');
INSERT INTO `kimsquit`.`grade` (`course_id`, `student_id`, `grade`) VALUES ('PHED50', '41', '65');
INSERT INTO `kimsquit`.`grade` (`course_id`, `student_id`, `grade`) VALUES ('PHED50', '42', '61');
INSERT INTO `kimsquit`.`grade` (`course_id`, `student_id`, `grade`) VALUES ('PHED50', '43', '63');
INSERT INTO `kimsquit`.`grade` (`course_id`, `student_id`, `grade`) VALUES ('PHED50', '44', '93');
INSERT INTO `kimsquit`.`grade` (`course_id`, `student_id`, `grade`) VALUES ('PHED50', '45', '91');
INSERT INTO `kimsquit`.`grade` (`course_id`, `student_id`, `grade`) VALUES ('PHED50', '46', '73');
INSERT INTO `kimsquit`.`grade` (`course_id`, `student_id`, `grade`) VALUES ('PHED50', '47', '69');
INSERT INTO `kimsquit`.`grade` (`course_id`, `student_id`, `grade`) VALUES ('PHED50', '48', '92');
INSERT INTO `kimsquit`.`grade` (`course_id`, `student_id`, `grade`) VALUES ('PHED50', '49', '88');
INSERT INTO `kimsquit`.`grade` (`course_id`, `student_id`, `grade`) VALUES ('PHED50', '50', '52');
INSERT INTO `kimsquit`.`grade` (`course_id`, `student_id`, `grade`) VALUES ('HIST50', '41', '65');
INSERT INTO `kimsquit`.`grade` (`course_id`, `student_id`, `grade`) VALUES ('HIST50', '42', '60');
INSERT INTO `kimsquit`.`grade` (`course_id`, `student_id`, `grade`) VALUES ('HIST50', '43', '58');
INSERT INTO `kimsquit`.`grade` (`course_id`, `student_id`, `grade`) VALUES ('HIST50', '44', '100');
INSERT INTO `kimsquit`.`grade` (`course_id`, `student_id`, `grade`) VALUES ('HIST50', '45', '97');
INSERT INTO `kimsquit`.`grade` (`course_id`, `student_id`, `grade`) VALUES ('HIST50', '46', '95');
INSERT INTO `kimsquit`.`grade` (`course_id`, `student_id`, `grade`) VALUES ('HIST50', '47', '82');
INSERT INTO `kimsquit`.`grade` (`course_id`, `student_id`, `grade`) VALUES ('HIST50', '48', '88');
INSERT INTO `kimsquit`.`grade` (`course_id`, `student_id`, `grade`) VALUES ('HIST50', '49', '67');
INSERT INTO `kimsquit`.`grade` (`course_id`, `student_id`, `grade`) VALUES ('HIST50', '50', '68');
INSERT INTO `kimsquit`.`grade` (`course_id`, `student_id`, `grade`) VALUES ('CHEM50', '41', '59');
INSERT INTO `kimsquit`.`grade` (`course_id`, `student_id`, `grade`) VALUES ('CHEM50', '42', '89');
INSERT INTO `kimsquit`.`grade` (`course_id`, `student_id`, `grade`) VALUES ('CHEM50', '43', '74');
INSERT INTO `kimsquit`.`grade` (`course_id`, `student_id`, `grade`) VALUES ('CHEM50', '44', '79');
INSERT INTO `kimsquit`.`grade` (`course_id`, `student_id`, `grade`) VALUES ('CHEM50', '45', '74');
INSERT INTO `kimsquit`.`grade` (`course_id`, `student_id`, `grade`) VALUES ('PHYS50', '41', '61');
INSERT INTO `kimsquit`.`grade` (`course_id`, `student_id`, `grade`) VALUES ('PHYS50', '42', '51');
INSERT INTO `kimsquit`.`grade` (`course_id`, `student_id`, `grade`) VALUES ('PHYS50', '43', '81');
INSERT INTO `kimsquit`.`grade` (`course_id`, `student_id`, `grade`) VALUES ('PHYS50', '44', '75');
INSERT INTO `kimsquit`.`grade` (`course_id`, `student_id`, `grade`) VALUES ('PHYS50', '45', '71');

-- announcement
INSERT INTO `kimsquit`.`announcement` (`course_id`, `announcement`, `date`) VALUES ('ENGL10', 'Assignment is Posted.', '2019-11-26 10:20:22');
INSERT INTO `kimsquit`.`announcement` (`course_id`, `announcement`, `date`) VALUES ('ENGL20', 'Assignment is Posted.', '2019-11-26 10:20:22');
INSERT INTO `kimsquit`.`announcement` (`course_id`, `announcement`, `date`) VALUES ('ENGL30', 'Assignment is Posted.', '2019-11-26 10:20:22');
INSERT INTO `kimsquit`.`announcement` (`course_id`, `announcement`, `date`) VALUES ('ENGL40', 'Assignment is Posted.', '2019-11-26 10:20:22');
INSERT INTO `kimsquit`.`announcement` (`course_id`, `announcement`, `date`) VALUES ('ENGL50', 'Assignment is Posted.', '2019-11-26 10:20:22');
INSERT INTO `kimsquit`.`announcement` (`course_id`, `announcement`, `date`) VALUES ('FRAN10', 'Assignment is Posted.', '2019-11-26 10:20:22');
INSERT INTO `kimsquit`.`announcement` (`course_id`, `announcement`, `date`) VALUES ('FRAN20', 'Assignment is Posted.', '2019-11-26 10:20:22');
INSERT INTO `kimsquit`.`announcement` (`course_id`, `announcement`, `date`) VALUES ('FRAN30', 'Assignment is Posted.', '2019-11-26 10:20:22');
INSERT INTO `kimsquit`.`announcement` (`course_id`, `announcement`, `date`) VALUES ('FRAN40', 'Assignment is Posted.', '2019-11-26 10:20:22');
INSERT INTO `kimsquit`.`announcement` (`course_id`, `announcement`, `date`) VALUES ('FRAN50', 'Assignment is Posted.', '2019-11-26 10:20:22');
INSERT INTO `kimsquit`.`announcement` (`course_id`, `announcement`, `date`) VALUES ('MATH10', 'Assignment is Posted.', '2019-11-26 10:20:22');
INSERT INTO `kimsquit`.`announcement` (`course_id`, `announcement`, `date`) VALUES ('MATH20', 'Assignment is Posted.', '2019-11-26 10:20:22');
INSERT INTO `kimsquit`.`announcement` (`course_id`, `announcement`, `date`) VALUES ('MATH30', 'Assignment is Posted.', '2019-11-26 10:20:22');
INSERT INTO `kimsquit`.`announcement` (`course_id`, `announcement`, `date`) VALUES ('MATH40', 'Assignment is Posted.', '2019-11-26 10:20:22');
INSERT INTO `kimsquit`.`announcement` (`course_id`, `announcement`, `date`) VALUES ('MATH41', 'Assignment is Posted.', '2019-11-26 10:20:22');
INSERT INTO `kimsquit`.`announcement` (`course_id`, `announcement`, `date`) VALUES ('MATH50', 'Assignment is Posted.', '2019-11-26 10:20:22');
INSERT INTO `kimsquit`.`announcement` (`course_id`, `announcement`, `date`) VALUES ('MATH51', 'Assignment is Posted.', '2019-11-26 10:20:22');
INSERT INTO `kimsquit`.`announcement` (`course_id`, `announcement`, `date`) VALUES ('SCIE10', 'Assignment is Posted.', '2019-11-26 10:20:22');
INSERT INTO `kimsquit`.`announcement` (`course_id`, `announcement`, `date`) VALUES ('SCIE20', 'Assignment is Posted.', '2019-11-26 10:20:22');
INSERT INTO `kimsquit`.`announcement` (`course_id`, `announcement`, `date`) VALUES ('SCIE30', 'Assignment is Posted.', '2019-11-26 10:20:22');
INSERT INTO `kimsquit`.`announcement` (`course_id`, `announcement`, `date`) VALUES ('SCIE40', 'Assignment is Posted.', '2019-11-26 10:20:22');
INSERT INTO `kimsquit`.`announcement` (`course_id`, `announcement`, `date`) VALUES ('PHED10', 'Assignment is Posted.', '2019-11-26 10:20:22');
INSERT INTO `kimsquit`.`announcement` (`course_id`, `announcement`, `date`) VALUES ('PHED20', 'Assignment is Posted.', '2019-11-26 10:20:22');
INSERT INTO `kimsquit`.`announcement` (`course_id`, `announcement`, `date`) VALUES ('PHED30', 'Assignment is Posted.', '2019-11-26 10:20:22');
INSERT INTO `kimsquit`.`announcement` (`course_id`, `announcement`, `date`) VALUES ('PHED40', 'Assignment is Posted.', '2019-11-26 10:20:22');
INSERT INTO `kimsquit`.`announcement` (`course_id`, `announcement`, `date`) VALUES ('PHED50', 'Assignment is Posted.', '2019-11-26 10:20:22');
INSERT INTO `kimsquit`.`announcement` (`course_id`, `announcement`, `date`) VALUES ('HIST10', 'Assignment is Posted.', '2019-11-26 10:20:22');
INSERT INTO `kimsquit`.`announcement` (`course_id`, `announcement`, `date`) VALUES ('HIST20', 'Assignment is Posted.', '2019-11-26 10:20:22');
INSERT INTO `kimsquit`.`announcement` (`course_id`, `announcement`, `date`) VALUES ('HIST30', 'Assignment is Posted.', '2019-11-26 10:20:22');
INSERT INTO `kimsquit`.`announcement` (`course_id`, `announcement`, `date`) VALUES ('HIST40', 'Assignment is Posted.', '2019-11-26 10:20:22');
INSERT INTO `kimsquit`.`announcement` (`course_id`, `announcement`, `date`) VALUES ('HIST50', 'Assignment is Posted.', '2019-11-26 10:20:22');
INSERT INTO `kimsquit`.`announcement` (`course_id`, `announcement`, `date`) VALUES ('ARTS10', 'Assignment is Posted.', '2019-11-26 10:20:22');
INSERT INTO `kimsquit`.`announcement` (`course_id`, `announcement`, `date`) VALUES ('ARTS20', 'Assignment is Posted.', '2019-11-26 10:20:22');
INSERT INTO `kimsquit`.`announcement` (`course_id`, `announcement`, `date`) VALUES ('ARTS30', 'Assignment is Posted.', '2019-11-26 10:20:22');
INSERT INTO `kimsquit`.`announcement` (`course_id`, `announcement`, `date`) VALUES ('ARTS40', 'Assignment is Posted.', '2019-11-26 10:20:22');
INSERT INTO `kimsquit`.`announcement` (`course_id`, `announcement`, `date`) VALUES ('CHEM50', 'Assignment is Posted.', '2019-11-26 10:20:22');
INSERT INTO `kimsquit`.`announcement` (`course_id`, `announcement`, `date`) VALUES ('PHYS50', 'Assignment is Posted.', '2019-11-26 10:20:22');
INSERT INTO `kimsquit`.`announcement` (`course_id`, `announcement`, `date`) VALUES ('SCIE40', 'Lab is cancelled.', '2019-11-27 9:30:00');
INSERT INTO `kimsquit`.`announcement` (`course_id`, `announcement`, `date`) VALUES ('CHEM50', 'Lab is cancelled.', '2019-11-27 9:30:00');
INSERT INTO `kimsquit`.`announcement` (`course_id`, `announcement`, `date`) VALUES ('PHYS50', 'Lab is cancelled.', '2019-11-27 9:30:00');
INSERT INTO `kimsquit`.`announcement` (`course_id`, `announcement`, `date`) VALUES ('MATH40', 'Calculators needed for test.', '2019-11-27 10:30:00');
INSERT INTO `kimsquit`.`announcement` (`course_id`, `announcement`, `date`) VALUES ('MATH41', 'Calculators needed for test.', '2019-11-27 10:30:00');
INSERT INTO `kimsquit`.`announcement` (`course_id`, `announcement`, `date`) VALUES ('MATH50', 'Calculators needed for test.', '2019-11-27 10:30:00');
INSERT INTO `kimsquit`.`announcement` (`course_id`, `announcement`, `date`) VALUES ('MATH51', 'Calculators needed for test.', '2019-11-27 10:30:00');
